t,norm_ref,norm_tdvp,norm_bug,err_state_tdvp,err_state_bug,err_state_normed_tdvp,err_state_normed_bug,max_abs_err_z_tdvp,max_abs_err_z_bug,max_bond_dim_tdvp,max_bond_dim_bug,z_ref_1,z_ref_2,z_ref_3,z_ref_4,z_ref_5,z_ref_6,z_ref_7,z_ref_8,z_ref_9,z_ref_10,z_tdvp_1,z_tdvp_2,z_tdvp_3,z_tdvp_4,z_tdvp_5,z_tdvp_6,z_tdvp_7,z_tdvp_8,z_tdvp_9,z_tdvp_10,z_bug_1,z_bug_2,z_bug_3,z_bug_4,z_bug_5,z_bug_6,z_bug_7,z_bug_8,z_bug_9,z_bug_10
0.0000000000,1.0000000000000000e+00,9.9999999999999922e-01,9.9999999999999922e-01,7.7715611723760958e-16,7.7715611723760958e-16,0.0000000000000000e+00,0.0000000000000000e+00,2.2371143170757382e-17,2.2371143170757382e-17,1,1,0.0000000000000000e+00,0.0000000000000000e+00,0.0000000000000000e+00,0.0000000000000000e+00,0.0000000000000000e+00,0.0000000000000000e+00,0.0000000000000000e+00,0.0000000000000000e+00,0.0000000000000000e+00,0.0000000000000000e+00,-2.2371143170757382e-17,-2.2371143170757382e-17,-2.2371143170757382e-17,-2.2371143170757382e-17,-2.2371143170757382e-17,-2.2371143170757382e-17,-2.2371143170757382e-17,-2.2371143170757382e-17,-2.2371143170757382e-17,-2.2371143170757382e-17,-2.2371143170757382e-17,-2.2371143170757382e-17,-2.2371143170757382e-17,-2.2371143170757382e-17,-2.2371143170757382e-17,-2.2371143170757382e-17,-2.2371143170757382e-17,-2.2371143170757382e-17,-2.2371143170757382e-17,-2.2371143170757382e-17
0.0500000000,9.5146992037022815e-01,9.5146915135459698e-01,9.5127702307402850e-01,4.5208569992309933e-03,1.8986216903962327e-01,4.7514468550244890e-03,1.9956628775985077e-01,4.6847118394926709e-05,1.6712519109068451e-02,4,2,9.2016011197575964e-03,9.2392519306575480e-03,9.2650302086476136e-03,9.2811123931081548e-03,9.2888349525642698e-03,9.2888349525641865e-03,9.2811123931081010e-03,9.2650302086476621e-03,9.2392519306575445e-03,9.2016011197576172e-03,9.1815994445637993e-03,9.2091699127540561e-03,9.2375407470288717e-03,9.2546418113623186e-03,9.2621763220358533e-03,9.2610273633977891e-03,9.2510712784625859e-03,9.2309156711670171e-03,9.1978187686390100e-03,9.1547540013626905e-03,4.0179888091652990e-16,-7.4732671784109028e-03,-1.1102230246251565e-16,0.0000000000000000e+00,0.0000000000000000e+00,0.0000000000000000e+00,0.0000000000000000e+00,-2.2204460492503131e-16,-2.2204460492503131e-16,4.5298799980433369e-03
0.1000000000,9.0578299762097358e-01,9.0578000115797519e-01,9.0501882032666159e-01,4.3099061221069136e-03,3.5204540653047556e-01,4.7582171675751581e-03,3.8882731947476623e-01,1.0691350358293938e-04,3.6108847579312667e-02,9,2,1.7486969766094373e-02,1.7751769020802347e-02,1.7932686888282482e-02,1.8045619514051869e-02,1.8099905718400800e-02,1.8099905718400651e-02,1.8045619514051800e-02,1.7932686888282562e-02,1.7751769020802374e-02,1.7486969766094596e-02,1.7460414411211714e-02,1.7710792360958072e-02,1.7898603571293137e-02,1.8012214718172714e-02,1.8062655470689137e-02,1.8055231494248869e-02,1.7989932141832865e-02,1.7860984656603573e-02,1.7656348758238460e-02,1.7380056262511656e-02,2.4229522366910802e-16,-1.8357078558510320e-02,0.0000000000000000e+00,0.0000000000000000e+00,0.0000000000000000e+00,0.0000000000000000e+00,0.0000000000000000e+00,0.0000000000000000e+00,4.4408920985006262e-16,8.2259678980120161e-03
0.1500000000,8.6283916012190298e-01,8.6283265190557668e-01,8.6109727062603802e-01,4.1160762146058702e-03,4.8251697454774523e-01,4.7703984507896638e-03,5.5978175079225700e-01,1.5979051585742268e-04,2.7404844385199884e-02,10,2,2.5632115852645077e-02,2.6399604001554791e-02,2.6921826017883475e-02,2.7247901504351673e-02,2.7404844385199884e-02,2.7404844385199797e-02,2.7247901504351500e-02,2.6921826017883479e-02,2.6399604001554319e-02,2.5632115852645146e-02,2.5596988723960896e-02,2.6346322539535227e-02,2.6878629305664870e-02,2.7205270943295091e-02,2.7355524715781843e-02,2.7342882170978144e-02,2.7167428840357041e-02,2.6815207189065271e-02,2.6255784201123955e-02,2.5472325336787723e-02,-3.2960695529260592e-16,1.2297993176409450e-02,1.1102230246251565e-16,0.0000000000000000e+00,0.0000000000000000e+00,0.0000000000000000e+00,0.0000000000000000e+00,0.0000000000000000e+00,-3.3306690738754696e-16,1.1227966509943961e-02
0.2000000000,8.2258281031508718e-01,8.2257150205946283e-01,8.1939154405255188e-01,3.9381774557593254e-03,5.8156767602524206e-01,4.7875888488829992e-03,7.0836675007364336e-01,2.0661967215845206e-04,3.7617874554837206e-02,11,2,3.4129136770858437e-02,3.5645505248017365e-02,3.6670311198757438e-02,3.7309771665810690e-02,3.7617874554837206e-02,3.7617874554837082e-02,3.7309771665810558e-02,3.6670311198757473e-02,3.5645505248017170e-02,3.4129136770858479e-02,3.4083981938242566e-02,3.5579437147295778e-02,3.6617063660303262e-02,3.7257573089811868e-02,3.7557053743032399e-02,3.7540074892032274e-02,3.7206760763155877e-02,3.6531988585617792e-02,3.5458335724205425e-02,3.3922517098700027e-02,2.4696276593589932e-16,2.3951266336513566e-02,-1.1102230246251565e-16,0.0000000000000000e+00,0.0000000000000000e+00,0.0000000000000000e+00,2.2204460492503131e-16,0.0000000000000000e+00,0.0000000000000000e+00,1.3651783776034916e-02
0.2500000000,7.8498127810962792e-01,7.8496397327893119e-01,7.7978760358274080e-01,3.7751008846926420e-03,6.5317278891929487e-01,4.8091628918065137e-03,8.3482710500965751e-01,2.4762749333384626e-04,7.5426565436348153e-02,13,2,4.3206390982137410e-02,4.5579784969926075e-02,4.7167797331301976e-02,4.8156743570623724e-02,4.8633556964304651e-02,4.8633556964304596e-02,4.8156743570623543e-02,4.7167797331302122e-02,4.5579784969926020e-02,4.3206390982137716e-02,4.3150861192341156e-02,4.5501994996927364e-02,4.7105900291797398e-02,4.8097340683796175e-02,4.8564652987011070e-02,4.8544159155176125e-02,4.8035894855727790e-02,4.7002718425262546e-02,4.5354917078186452e-02,4.2958763488803869e-02,-2.5544903709548797e-16,-2.9846780466422085e-02,-2.2204460492503131e-16,0.0000000000000000e+00,0.0000000000000000e+00,2.2204460492503131e-16,0.0000000000000000e+00,-2.2204460492503131e-16,0.0000000000000000e+00,1.5593395713536530e-02
0.3000000000,7.5000045272251470e-01,7.4997618091890283e-01,7.4217774370734002e-01,3.6257890907265785e-03,7.0323115004223924e-01,4.8343524407848453e-03,9.4251116108051625e-01,2.8257077129655028e-04,5.9898712805052372e-02,14,2,5.2828305436614209e-02,5.5945059378572914e-02,5.8003236657681465e-02,5.9281736272719272e-02,5.9898712805052309e-02,5.9898712805052261e-02,5.9281736272719161e-02,5.8003236657681492e-02,5.5945059378572845e-02,5.2828305436614487e-02,5.2763313517376662e-02,5.5858098006268564e-02,5.7936145824358021e-02,5.9219672756948283e-02,5.9827362908297321e-02,5.9804188479608666e-02,5.9149897789522565e-02,5.7818139851108175e-02,5.5689140132703097e-02,5.2545734665317936e-02,-5.4793887834305692e-16,3.1534067223554230e-02,-1.1102230246251565e-16,0.0000000000000000e+00,0.0000000000000000e+00,-1.1102230246251565e-16,0.0000000000000000e+00,0.0000000000000000e+00,-2.2204460492503131e-16,1.7132145002556141e-02
0.3500000000,7.1757997697009390e-01,7.1754810395504198e-01,7.0646016378846910e-01,3.4892128566165513e-03,7.3732199761586048e-01,4.8623775468291958e-03,1.0354492100915220e+00,3.1126178829049556e-04,7.0565488787555752e-02,16,2,6.2704374338500457e-02,6.6195840476901746e-02,6.8469124128794134e-02,6.9881547967726554e-02,7.0565488787555752e-02,7.0565488787555641e-02,6.9881547967726415e-02,6.8469124128794315e-02,6.6195840476901996e-02,6.2704374338500762e-02,6.2631758433717086e-02,6.6103001394162031e-02,6.8401142930944459e-02,6.9822002488036800e-02,7.0497828814385599e-02,7.0472839137191490e-02,6.9746260124909309e-02,6.8271569162061507e-02,6.5916131939090905e-02,6.2393112550210267e-02,4.3269432694865875e-16,4.6526818813455439e-02,0.0000000000000000e+00,0.0000000000000000e+00,0.0000000000000000e+00,0.0000000000000000e+00,2.2204460492503131e-16,0.0000000000000000e+00,2.2204460492503131e-16,1.8333547279392400e-02
0.4000000000,6.8761335417157587e-01,6.8757361662319016e-01,6.7253857400966988e-01,3.3643237225147583e-03,7.5901616919129455e-01,4.8925551333800221e-03,1.1159239662951517e+00,3.3392493084892505e-04,7.9729548536941933e-02,17,2,7.2334210489910733e-02,7.5616109490150657e-02,7.7738544938300319e-02,7.9074692642434746e-02,7.9729548536941711e-02,7.9729548536941558e-02,7.9074692642434677e-02,7.7738544938300208e-02,7.5616109490150629e-02,7.2334210489910872e-02,7.2256060981759102e-02,7.5520409797735499e-02,7.7673395229608422e-02,7.9021856869808615e-02,7.9670473020535482e-02,7.9644522863100878e-02,7.8942514268129427e-02,7.7535587358098401e-02,7.5319701727317667e-02,7.2000285559061947e-02,-6.5147493778099476e-17,3.7780027649268688e-02,0.0000000000000000e+00,0.0000000000000000e+00,-2.2204460492503131e-16,0.0000000000000000e+00,0.0000000000000000e+00,0.0000000000000000e+00,0.0000000000000000e+00,1.9251669265519862e-02
0.4500000000,6.5993922471805400e-01,6.5989168607043025e-01,6.4032183182794777e-01,3.2499801028317821e-03,7.6961586348699251e-01,4.9243162547329368e-03,1.1835367605433840e+00,3.5117956224424429e-04,4.2184397631393306e-01,18,2,8.1098916304078450e-02,8.3485559281527955e-02,8.5084136529379545e-02,8.6151062645290002e-02,8.6693312659243349e-02,8.6693312659243169e-02,8.6151062645289961e-02,8.5084136529379573e-02,8.3485559281528218e-02,8.1098916304078908e-02,8.1016939912386440e-02,8.3389071790790581e-02,8.5024193373107793e-02,8.6107459132092973e-02,8.6645800003485818e-02,8.6619638777179986e-02,8.6026697081104303e-02,8.4881492878394582e-02,8.3178762704572418e-02,8.0747736741834664e-02,-2.3888907481139617e-16,-3.3835841703240510e-01,0.0000000000000000e+00,0.0000000000000000e+00,0.0000000000000000e+00,0.0000000000000000e+00,0.0000000000000000e+00,0.0000000000000000e+00,2.2204460492503131e-16,1.9931135686686176e-02
0.5000000000,6.3434742298316504e-01,6.3429239703199813e-01,6.0972360689882232e-01,3.1448863178384456e-03,7.6933095467016199e-01,4.9571278481020959e-03,1.2364044081736609e+00,3.6367505355791585e-04,9.1155308892799672e-02,20,2,8.8384527421875470e-02,8.9251704318284775e-02,9.0069666747058130e-02,9.0764492168850214e-02,9.1155308892799561e-02,9.1155308892799325e-02,9.0764492168850255e-02,9.0069666747058269e-02,8.9251704318284858e-02,8.8384527421875636e-02,8.8299835810437044e-02,8.9155661588356888e-02,9.0016265896798536e-02,9.0731517470124479e-02,9.1121013390240951e-02,9.1095155807209532e-02,9.0651027307703747e-02,8.9871760711557502e-02,8.8940011406444058e-02,8.8020852368317720e-02,-1.1893851341996262e-16,3.7383170294872814e-02,0.0000000000000000e+00,0.0000000000000000e+00,-1.1102230246251565e-16,0.0000000000000000e+00,0.0000000000000000e+00,-1.1102230246251565e-16,0.0000000000000000e+00,2.0408815451155530e-02
0.5500000000,6.1059808385763958e-01,6.1053608366181089e-01,5.8066207251208379e-01,3.0476194455407225e-03,7.5897640971134861e-01,4.9904241566503735e-03,1.2736518939767316e+00,3.7166031199675764e-04,9.3704328354020316e-02,21,2,9.3704328354020316e-02,9.2652922541114652e-02,9.2644862965158892e-02,9.2993350752587356e-02,9.3250014794382080e-02,9.3250014794381872e-02,9.2993350752587384e-02,9.2644862965159128e-02,9.2652922541114874e-02,9.3704328354020830e-02,9.3617772199965255e-02,9.2558472145824078e-02,9.2599264671609810e-02,9.2972319679009874e-02,9.3230243573267507e-02,9.3204846375186889e-02,9.2892971289931625e-02,9.2455378826852397e-02,9.2341433355444980e-02,9.3332668042024072e-02,-5.7809515147291240e-18,9.1129052671086952e-02,0.0000000000000000e+00,0.0000000000000000e+00,0.0000000000000000e+00,0.0000000000000000e+00,0.0000000000000000e+00,0.0000000000000000e+00,0.0000000000000000e+00,2.0715231701498669e-02
0.6000000000,5.8844713200012688e-01,5.8837886218650171e-01,5.5305962164775058e-01,2.9567526295550027e-03,7.4103205027605301e-01,5.0236218227388092e-03,1.2974825493451818e+00,3.7482896805707266e-04,9.6785323306486731e-02,22,2,9.6785323306486468e-02,9.3756164034192568e-02,9.3116356204663256e-02,9.3258031717319917e-02,9.3438783379575577e-02,9.3438783379575424e-02,9.3258031717319959e-02,9.3116356204663436e-02,9.3756164034192790e-02,9.6785323306486815e-02,9.6698127888722604e-02,9.3665195598465867e-02,9.3080466656858318e-02,9.3250625073624860e-02,9.3434709168835617e-02,9.3409511853605826e-02,9.3172242428819413e-02,9.2938532965740756e-02,9.3449977978343507e-02,9.6410494338429742e-02,-2.6015902679596531e-16,1.3135723552844547e-01,0.0000000000000000e+00,0.0000000000000000e+00,-2.2204460492503131e-16,0.0000000000000000e+00,0.0000000000000000e+00,0.0000000000000000e+00,4.4408920985006262e-16,2.0875735075670039e-02
0.6500000000,5.6766999607902824e-01,5.6759635384347384e-01,5.2684260583685338e-01,2.8710298633865365e-03,7.1936402267559307e-01,5.0562323959531799e-03,1.3132872093410439e+00,3.7256539525827581e-04,1.0364137430779918e-01,24,2,9.7600356770873406e-02,9.2909707328564850e-02,9.2023539455334605e-02,9.2152985493870701e-02,9.2326640085639913e-02,9.2326640085639733e-02,9.2152985493870757e-02,9.2023539455334785e-02,9.2909707328565239e-02,9.7600356770873808e-02,9.7514634501222330e-02,9.2825162627548891e-02,9.1999760086083085e-02,9.2160618082412521e-02,9.2338438367143630e-02,9.2312823514584808e-02,9.2082011552580487e-02,9.1859763911603304e-02,9.2613830221546178e-02,9.7227791375615533e-02,-2.1607005604615227e-16,1.9655108163636403e-01,0.0000000000000000e+00,0.0000000000000000e+00,-2.2204460492503131e-16,-2.2204460492503131e-16,0.0000000000000000e+00,0.0000000000000000e+00,0.0000000000000000e+00,2.0911474760470922e-02
0.7000000000,5.4807781135915090e-01,5.4799984547529890e-01,5.0194109509034579e-01,2.7895106948868501e-03,6.9770622500366852e-01,5.0879988504373480e-03,1.3273135021871172e+00,3.6441040992822582e-04,2.4973138791439542e-01,25,2,9.6349409299225836e-02,9.0641346285890254e-02,8.9980352433891506e-02,9.0276751230087202e-02,9.0497951843587401e-02,9.0497951843587207e-02,9.0276751230087188e-02,8.9980352433891575e-02,9.0641346285890503e-02,9.6349409299226405e-02,9.6268252755451089e-02,9.0566828862379878e-02,8.9970664491802230e-02,9.0299383692352422e-02,9.0523676286486165e-02,9.0496869944586833e-02,9.0218721806117189e-02,8.9831316613648390e-02,9.0360070713165375e-02,9.5984998889298179e-02,6.3288899630489417e-16,-1.5909004162850515e-01,0.0000000000000000e+00,0.0000000000000000e+00,0.0000000000000000e+00,0.0000000000000000e+00,0.0000000000000000e+00,2.2204460492503131e-16,2.2204460492503131e-16,2.0840197648073044e-02
0.7500000000,5.2952442711450776e-01,5.2944323801806026e-01,4.7828865723988429e-01,2.7116353771099917e-03,6.7786425178833742e-01,5.1189847624336145e-03,1.3431069013910488e+00,3.5043358552462600e-04,9.3407496434783188e-02,26,2,9.3407496434783077e-02,8.7540226695204948e-02,8.7538119096973205e-02,8.8116790258194119e-02,8.8421672468018450e-02,8.8421672468018325e-02,8.8116790258194175e-02,8.7538119096973205e-02,8.7540226695205225e-02,9.3407496434783591e-02,9.3334653446516633e-02,8.7479172913475678e-02,8.7543047302264476e-02,8.8152171374204780e-02,8.8456995796588944e-02,8.8428366604617267e-02,8.8067638103241114e-02,8.7402225028994418e-02,8.7276329983038081e-02,9.3057062849258965e-02,-1.0542101698195656e-16,-4.3871646693571797e-03,0.0000000000000000e+00,0.0000000000000000e+00,0.0000000000000000e+00,0.0000000000000000e+00,0.0000000000000000e+00,2.2204460492503131e-16,4.4408920985006262e-16,2.0676902072370353e-02
0.8000000000,5.1190548446755724e-01,5.1182209688372604e-01,4.5582215511720081e-01,2.6372030263810374e-03,6.5902566893127634e-01,5.1495816035841864e-03,1.3593503582361668e+00,3.3132566065845193e-04,2.2225833827811836e-01,27,2,8.9257489069760054e-02,8.4150267503190226e-02,8.5097040340649258e-02,8.5999325221255363e-02,8.6419122010722382e-02,8.6419122010722257e-02,8.5999325221255460e-02,8.5097040340649244e-02,8.4150267503190490e-02,8.9257489069760568e-02,8.9196839234773034e-02,8.4105094616377774e-02,8.5115096395355527e-02,8.6043236766977324e-02,8.6458323470955056e-02,8.6427679702273941e-02,8.5953777526211861e-02,8.4970544278645171e-02,8.3904434025773605e-02,8.8926163409102116e-02,-1.2891423104260123e-16,-1.3810807077492815e-01,0.0000000000000000e+00,0.0000000000000000e+00,0.0000000000000000e+00,0.0000000000000000e+00,0.0000000000000000e+00,0.0000000000000000e+00,-2.2204460492503131e-16,2.0434369168458120e-02
0.8500000000,4.9515176260891419e-01,4.9506702101069411e-01,4.3448156008177358e-01,2.5662860787624676e-03,6.3886048992017130e-01,5.1804441976501005e-03,1.3711467665479302e+00,3.0825874009265952e-04,8.4661748919943366e-02,27,2,8.4419828044670769e-02,8.0889598125750417e-02,8.2870472420955910e-02,8.4086236650103466e-02,8.4661748919943366e-02,8.4661748919943255e-02,8.4086236650103591e-02,8.2870472420955937e-02,8.0889598125750611e-02,8.4419828044671241e-02,8.4374885555208667e-02,8.0861099625410909e-02,8.2898257824501470e-02,8.4133534093140422e-02,8.4699315658803592e-02,8.4667078863917791e-02,8.4039425299445553e-02,8.2748341624751837e-02,8.0660254286928162e-02,8.4111569304578582e-02,-2.1325551816801023e-16,4.0421661605894887e-02,0.0000000000000000e+00,0.0000000000000000e+00,0.0000000000000000e+00,0.0000000000000000e+00,0.0000000000000000e+00,0.0000000000000000e+00,-6.6613381477509392e-16,2.0123591830694430e-02
0.9000000000,4.7921891350652079e-01,4.7913342997049974e-01,4.1420978049090851e-01,2.4991168219154567e-03,6.1565221159946171e-01,5.2123927436282603e-03,1.3741162837555809e+00,2.8268988133013651e-04,3.3156252004617159e-01,28,2,7.9386091967789271e-02,7.8003450705961958e-02,8.0896849779404437e-02,8.2401000323047244e-02,8.3180455564725975e-02,8.3180455564725822e-02,8.2401000323047313e-02,8.0896849779404367e-02,7.8003450705962263e-02,7.9386091967789882e-02,7.9359624401457357e-02,7.7990497227749644e-02,8.0929648943342980e-02,8.2446824395583609e-02,8.3212325343737500e-02,8.3179496795175958e-02,8.2349850357901933e-02,8.0773951068261879e-02,7.7786967092016379e-02,7.9103402086459745e-02,-2.4016966422806724e-16,4.0956597075213352e-01,0.0000000000000000e+00,-2.2204460492503131e-16,0.0000000000000000e+00,0.0000000000000000e+00,2.2204460492503131e-16,1.1102230246251565e-16,8.8817841970012523e-16,1.9754118510728579e-02
0.9500000000,4.6407584252273498e-01,4.6398999365458576e-01,3.9495250378996971e-01,2.4359693796217499e-03,5.8993378026919885e-01,5.2463005846308131e-03,1.3684673890750982e+00,2.5623418330220082e-04,7.6479067295128611e-01,28,2,7.4562921941696836e-02,7.5555615181451305e-02,7.9090964663277891e-02,8.0875239265093532e-02,8.1891716512544704e-02,8.1891716512544510e-02,8.0875239265093435e-02,7.9090964663277807e-02,7.5555615181451430e-02,7.4562921941697349e-02,7.4556657056451370e-02,7.5555135675256957e-02,7.9123600227205368e-02,8.0915934658678107e-02,8.1915696103314922e-02,8.1883613933330462e-02,8.0819098476234807e-02,7.8963214760886830e-02,7.5346769989295792e-02,7.4306687758395149e-02,-3.2847573321565806e-16,8.4034628813273737e-01,0.0000000000000000e+00,0.0000000000000000e+00,0.0000000000000000e+00,0.0000000000000000e+00,2.2204460492503131e-16,0.0000000000000000e+00,2.2204460492503131e-16,1.9334326667359548e-02
1.0000000000,4.4969439211608297e-01,4.4960834779718994e-01,3.7665805098379646e-01,2.3770498893697597e-03,5.6452935618220246e-01,5.2829641690706978e-03,1.3601561928135337e+00,2.3060174556314983e-04,1.5562293630312990e-01,29,2,7.0233867477959511e-02,7.3459066674357573e-02,7.7319395450179379e-02,7.9407677940615276e-02,8.0648781582252624e-02,8.0648781582252485e-02,7.9407677940615359e-02,7.7319395450179323e-02,7.3459066674357837e-02,7.0233867477959927e-02,7.0248248384784703e-02,7.3466327585868504e-02,7.7347213078135593e-02,7.9441343508752663e-02,8.0664407972853597e-02,8.0634378687895497e-02,7.9348205054817059e-02,7.7184693027303242e-02,7.3251742146186641e-02,7.0003265732396777e-02,-1.4238170900965157e-16,-8.2163869628772312e-02,0.0000000000000000e+00,1.1102230246251565e-16,1.1102230246251565e-16,0.0000000000000000e+00,1.1102230246251565e-16,0.0000000000000000e+00,0.0000000000000000e+00,1.8871638528205316e-02
