qubit_qiskit,qubit_pp,z_ref,z_pp,abs_error,pp_terms,pp_time_s
0,1,9.8794817788559530e-01,9.9987923662480482e-01,1.1931058739209521e-02,710655,3415.2835
1,2,9.8794817788559530e-01,9.9987923636102960e-01,1.1931058475434297e-02,710655,794.2929
2,3,9.7062828963033654e-01,9.9196261823492193e-01,2.1334328604585395e-02,710655,4.2662
3,4,9.7062828963033654e-01,9.9196261806987707e-01,2.1334328439540529e-02,710655,4.0928
4,5,9.7062828963033787e-01,9.9284988445536382e-01,2.2221594825025948e-02,710655,4.2464
5,6,9.7062828963033787e-01,9.9284988445240285e-01,2.2221594822064983e-02,710655,3.9688
6,7,9.9163168041091077e-01,9.9894108463886022e-01,7.3094042279494564e-03,710655,515.5618
7,8,9.9163168041091077e-01,9.9894108463885745e-01,7.3094042279466809e-03,710655,511.3101
8,9,9.8649836932559121e-01,9.9989249370692068e-01,1.3394124381329475e-02,710655,2535.9451
9,10,9.8649836932559121e-01,9.9989249363062160e-01,1.3394124305030397e-02,710655,3413.3224
10,11,9.9182591105113660e-01,9.9894221909561820e-01,7.1163080444816007e-03,710655,534.0373
11,12,9.9182591105113660e-01,9.9894221909561987e-01,7.1163080444832660e-03,710655,521.6105
12,13,9.7479508052214314e-01,9.9499262172331548e-01,2.0197541201172342e-02,710655,3.8842
13,14,9.7479508052214314e-01,9.9499262193651417e-01,2.0197541414371023e-02,710655,4.0996
14,15,9.7479508052214425e-01,9.9970142088794889e-01,2.4906340365804636e-02,710655,513.6232
15,16,9.7479508052214425e-01,9.9970142088794811e-01,2.4906340365803858e-02,710655,514.5735
16,17,9.4836567971465568e-01,9.7302036111896506e-01,2.4654681404309375e-02,710655,2028.0829
17,18,9.4836567971465568e-01,9.7302036111896573e-01,2.4654681404310042e-02,710655,259.0006
18,19,9.8228873292392993e-01,9.9978414685993733e-01,1.7495413936007398e-02,64719,2685.1998
19,20,9.8228873292392993e-01,9.9974528252539974e-01,1.7456549601469806e-02,64719,55.1320
20,21,9.8228873292392993e-01,9.9604542048757683e-01,1.3756687563646897e-02,64719,2.1771
21,22,9.8228873292392993e-01,9.9607711802960186e-01,1.3788385105671930e-02,64719,2.1401
22,23,8.4957993742990412e-01,8.7250308582986791e-01,2.2923148399963789e-02,710655,260.6264
23,24,8.4957993742990412e-01,8.7250308582986691e-01,2.2923148399962789e-02,710655,259.4025
24,25,-9.6978462961882606e-01,-9.9786702912883152e-01,2.8082399510005462e-02,710655,272.7469
25,26,-9.6978462961882606e-01,-9.9786702912883019e-01,2.8082399510004130e-02,710655,270.9055
26,27,-8.5367567591090199e-01,-8.7307591975573262e-01,1.9400243844830634e-02,64719,25.6085
27,28,-8.5367567591090199e-01,-8.7307591975573573e-01,1.9400243844833742e-02,64719,2653.8428
28,29,-9.5698440570277576e-01,-9.8538239514671766e-01,2.8397989443941896e-02,64719,36.6418
29,30,-9.5698440570277576e-01,-9.8538239514671855e-01,2.8397989443942784e-02,64719,30.1314
30,31,-9.5269545814782852e-01,-9.8233064843733087e-01,2.9635190289502344e-02,64719,2.2638
31,32,-9.5269545814782852e-01,-9.8405259947366353e-01,3.1357141325835003e-02,64719,2.3052
32,33,-9.5269545814783052e-01,-9.9180796787059133e-01,3.9112509722760813e-02,64719,2.2947
33,34,-9.5269545814783052e-01,-9.9272213094557271e-01,4.0026672797742191e-02,64719,2.2479
34,35,-9.6417098948825697e-01,-9.8919810291755439e-01,2.5027113429297421e-02,64719,26.7101
35,36,-9.6417098948825697e-01,-9.8919810291755261e-01,2.5027113429295644e-02,64719,26.7073
36,37,-9.9327318612842064e-01,-9.9989447640510543e-01,6.6212902766847881e-03,710655,3417.8531
37,38,-9.9327318612842064e-01,-9.9989453099611103e-01,6.6213448676903930e-03,710655,795.8461
38,39,-9.9309758569570528e-01,-9.9867134854199258e-01,5.5737628462873001e-03,64719,50.3921
39,40,-9.9309758569570528e-01,-9.9867702334004704e-01,5.5794376443417670e-03,64719,49.2211
40,41,-9.9309758569570528e-01,-9.9999402228197987e-01,6.8964365862745902e-03,64719,72.2491
41,42,-9.9309758569570528e-01,-9.9999402228294021e-01,6.8964365872349331e-03,64719,73.2650
42,43,-9.9399193610153891e-01,-9.9999418923738403e-01,6.0022531358451259e-03,64719,74.5561
43,44,-9.9399193610153891e-01,-9.9999418923495265e-01,6.0022531334137375e-03,64719,72.7307
44,45,-9.9399193610153913e-01,-9.9869623573472543e-01,4.7042996331863041e-03,64719,50.8532
45,46,-9.9399193610153913e-01,-9.9869840450721636e-01,4.7064684056772332e-03,64719,2685.5764
46,47,-9.9623773949569261e-01,-9.9988897260327581e-01,3.6512331075831961e-03,64719,79.6896
47,48,-9.9623773949569261e-01,-9.9988897260292653e-01,3.6512331072339199e-03,64719,73.6659
48,49,-9.9895609712559563e-01,-1.0000000000000000e+00,1.0439028744043677e-03,3,0.0261
49,50,-9.9895609712559563e-01,-1.0000000000000000e+00,1.0439028744043677e-03,3,0.0231
50,51,-9.9869138793545542e-01,-1.0000000000000000e+00,1.3086120645445787e-03,3,0.0226
51,52,-9.9869138793545542e-01,-1.0000000000000000e+00,1.3086120645445787e-03,3,0.0801
52,53,-9.9998941649775752e-01,-1.0000000000000000e+00,1.0583502242478282e-05,3,0.0213
53,54,-9.9998941649775752e-01,-1.0000000000000000e+00,1.0583502242478282e-05,3,0.0201
54,55,-9.9999056613346193e-01,-1.0000000000000000e+00,9.4338665380666598e-06,3,0.1273
55,56,-9.9999056613346193e-01,-1.0000000000000000e+00,9.4338665380666598e-06,3,0.3135
56,57,-9.9998843206347632e-01,-1.0000000000000000e+00,1.1567936523682043e-05,3,0.2322
57,58,-9.9998843206347632e-01,-1.0000000000000000e+00,1.1567936523682043e-05,3,0.2024
58,59,-9.9998843206347632e-01,-1.0000000000000000e+00,1.1567936523682043e-05,3,0.1546
59,60,-9.9998843206347632e-01,-1.0000000000000000e+00,1.1567936523682043e-05,3,0.1499
60,61,-9.9998921470562607e-01,-1.0000000000000000e+00,1.0785294373927279e-05,3,0.2612
61,62,-9.9998921470562607e-01,-1.0000000000000000e+00,1.0785294373927279e-05,3,0.1895
62,63,-9.9998921470562541e-01,-1.0000000000000000e+00,1.0785294374593413e-05,3,0.1743
63,64,-9.9998921470562541e-01,-1.0000000000000000e+00,1.0785294374593413e-05,3,0.0996
64,65,-9.9999750325581538e-01,-1.0000000000000000e+00,2.4967441846213134e-06,3,0.1901
65,66,-9.9999750325581538e-01,-1.0000000000000000e+00,2.4967441846213134e-06,3,0.1364
66,67,-9.9999711522180268e-01,-1.0000000000000000e+00,2.8847781973206921e-06,3,0.1340
67,68,-9.9999711522180268e-01,-1.0000000000000000e+00,2.8847781973206921e-06,3,0.1353
68,69,-9.9999999802378448e-01,-1.0000000000000000e+00,1.9762155245572899e-09,3,0.1529
69,70,-9.9999999802378448e-01,-1.0000000000000000e+00,1.9762155245572899e-09,3,0.1648
70,71,-9.9999999800364858e-01,-1.0000000000000000e+00,1.9963514175103114e-09,3,0.2310
71,72,-9.9999999800364858e-01,-1.0000000000000000e+00,1.9963514175103114e-09,3,0.2309
