0.0,1.5172850947339907e-29,4.144736683281533e-29,3.7330666553407975e-29,2.2608823635195168e-29,2.969903031320846e-29
0.0,6.224497450848749e-29,1.739161455138405e-29,1.696619049336451e-29,8.400713824422684e-30,9.775064828308402e-30
0.0,6.190332624600724e-29,1.6809639814128235e-29,6.653210966398424e-30,5.226897140017974e-30,5.1699167307577284e-30
0.0,2.923060574830613e-29,2.4132550548228544e-29,5.642974737054601e-30,3.5453023780297644e-30,4.269515823919123e-30
0.0,7.696956219733047e-30,1.0746178795282712e-29,4.359749493673554e-30,2.599825466028765e-30,2.6394620287306274e-30
0.0,3.665501237417807e-29,1.386657819489869e-29,4.984186826194428e-30,1.9582914222799726e-30,2.0312610560129157e-30
0.0,4.5913164076537546e-29,5.8482730142992495e-30,3.429780785882343e-30,2.0158551572017737e-30,1.9062343062551634e-30
0.0,1.1004794517107777e-29,1.4793723951614616e-29,2.968550146485546e-30,1.614000475767248e-30,1.782437070173907e-30
0.0,2.305588082915984e-29,9.185314880755503e-30,3.6882017576714305e-30,2.5465844423485416e-30,2.2972674184437703e-30
0.0,1.258931131654239e-29,1.1775235520191877e-29,3.6253384798402585e-30,2.4154551139318063e-30,2.2098939857683473e-30
0.0,6.492369623394845e-30,8.830762887647874e-30,3.705273200698479e-30,4.31895182632682e-30,4.183423057619521e-30
0.0,8.854302342985273e-29,1.3910877665107507e-29,8.37705570098583e-30,5.845684564453993e-30,7.272832549611956e-30
0.0,2.6003537902125975e-28,3.1229630126686707e-29,1.607492065150384e-29,9.926969856370024e-30,1.1011675787761874e-29
0.0,8.149940920739471e-29,4.845950693023386e-29,1.0709561443621188e-28,6.739157700985923e-29,5.33650014914958e-29
0.0,3.183372994714364e-30,0.07840000000000025,2.592790305868391e-29,0.056400000000000075,1.617986349565273e-29
0.0,4.852634717636301e-30,0.07840000000000036,2.697930673392379e-29,0.07839999999999991,3.8461121434484424e-29
0.0,2.5046346066718764e-30,6.661338147750939e-16,2.7133673254528736e-29,0.0,1.5203295911373496e-29
0.0,6.611548017246277e-30,0.039600000000000524,3.7921865980436654e-29,0.0,1.5228753623750386e-29
0.0,6.507361678379538e-30,4.8660669234404345e-29,2.0332511117207316e-29,1.9252733101282767e-29,8.448114504065153e-30
0.0,2.9342752186744613e-29,1.2276524577985556e-29,9.03231068595602e-30,4.2593617049547315e-30,5.036137322737516e-30
0.0,1.2648853058554272e-29,9.194605258658436e-30,5.999102294931134e-30,2.4184931528632802e-30,2.488178228631868e-30
0.0,1.4294015080821707e-29,1.2893949676616112e-29,2.6704725823231732e-30,2.007342854996373e-30,1.3744850486098474e-30
0.0,9.91329066930982e-29,1.4145941266679856e-29,2.6225468171406678e-30,1.4459804985261591e-30,2.1431206079268824e-30
0.0,1.0132783974690975e-29,1.10899480458921e-29,2.7179031523983774e-30,1.802293253826144e-30,1.0914322032040241e-30
0.0,1.2450925700392784e-29,7.051076353583342e-30,1.5178728440854103e-30,1.2392126596967454e-30,1.3254326914470733e-30
0.0,1.4907962412195887e-29,6.519141590365785e-30,1.6382037144155605e-30,1.6706258976201442e-30,1.2227994224874908e-30
0.0,1.385371483176293e-29,7.313264444343653e-30,1.9837768680480596e-30,2.1482210867172018e-30,1.3619840684524228e-30
0.0,3.085296137039532e-29,7.861002310164085e-30,3.357489079489824e-30,1.9772108336072594e-30,2.005731544967701e-30
0.0,4.1671149299629105e-29,7.668097777297557e-30,2.837826958175482e-30,1.9075642764375594e-30,2.183523536672215e-30
0.0,7.63734945832624e-30,1.2285460892927513e-29,2.669941641956104e-30,4.496535201299758e-30,4.062893739467901e-30
0.0,5.394812007706418e-29,1.6197452628648828e-29,4.891655907202331e-30,6.347703318585e-30,1.2920401168844307e-29
0.0,5.715877317610601e-29,1.901019535078224e-29,8.812413243435335e-30,1.1479959952986995e-29,1.0568880766090333e-29
0.0,6.842679671059044e-29,3.8266756276348073e-29,2.566078056580098e-25,0.00037624250893528985,2.760717345434083e-29
0.0,4.5072418310465946e-30,2.220446049250313e-16,3.9972863377971976e-20,9.514611321037592e-14,3.9972843752890823e-20
0.0,4.417355753128527e-30,4.440892098500626e-16,2.557831441815455e-29,0.11640000000000084,3.0860329824288146e-29
0.0,1.8865716400437382e-30,4.440892098500626e-16,2.2212399009972047e-29,6.661338147750939e-16,1.9668151259906434e-29
0.0,1.965598246414582e-30,0.07840000000000058,1.537206580379588e-25,0.0369000781434224,0.0008018223457459162
0.0,6.832449377713492e-29,2.115721095942865e-29,3.9721334434294767e-29,1.686198073518965e-29,2.582466705068893e-29
0.0,7.445298682500339e-29,1.38574421995401e-29,1.2637209964631278e-29,9.197505246931495e-30,4.7689140807306e-30
0.0,1.8149678758273542e-29,1.3011425856545494e-29,7.773391911068306e-30,5.288842750749245e-30,3.6849082633921335e-30
0.0,2.0229190060145994e-29,2.635873297094575e-29,8.873360143934645e-30,5.107880216133082e-30,2.59797287549666e-30
0.0,6.012054281659219e-29,2.591601714351352e-29,6.355630446236099e-30,2.5812071160703845e-30,2.2547034422264386e-30
0.0,1.6118615841933306e-29,6.547401885182865e-29,5.654804877293797e-30,1.7043003975117658e-30,1.9739469216119077e-30
0.0,1.1761010878956545e-28,2.6147436885631094e-29,6.956326763295313e-30,2.076212877212496e-30,1.7039691375613313e-30
0.0,1.2822400146586964e-28,2.7483526903018426e-29,4.2684943106766196e-30,2.2721841068480706e-30,2.0167611146476134e-30
0.0,5.3225135528553736e-30,1.785202428240135e-29,4.668987590752057e-30,1.477849554650715e-30,1.3327666326753e-30
0.0,6.170328591158518e-29,1.6131804610192466e-29,4.900115515964454e-30,1.8376034075009352e-30,1.3974162490484906e-30
0.0,9.152377287882922e-29,1.0395237689709216e-29,3.350478386343463e-30,1.4742466789851505e-30,2.819431707941859e-30
0.0,5.955424052685177e-30,1.4898795601958186e-29,4.728134902311331e-30,2.3391377517323308e-30,1.5353485783263845e-30
0.0,5.594674262942116e-30,1.396465610027941e-29,6.234002885792991e-30,3.647675569409657e-30,2.15037658751096e-30
0.0,8.268543446130087e-29,1.499895751761313e-29,1.191200427963457e-29,9.070176009406629e-30,3.334789606942089e-30
0.0,4.460854344629271e-29,1.2544503092679461e-28,4.7568027547195244e-29,2.7317724364478105e-29,3.849688641577488e-29
0.0,2.5511549052181666e-30,1.1102230246251565e-15,2.465798583714418e-29,0.08190000000000036,3.7683482075640184e-29
0.0,2.8471851288124567e-30,6.661338147750939e-16,4.3102403367428504e-29,1.1102230246251565e-15,3.5522653081135044e-29
0.0,2.8456243551855258e-30,6.661338147750939e-16,3.860942235428532e-29,0.03960000000000097,2.908835717891127e-29
0.0,3.5343221121564276e-30,0.0396000000000003,3.607616812049106e-29,0.03960000000000119,1.7179757327120796e-29
0.0,3.47456854866554e-29,7.475076764187993e-30,3.983721193829591e-29,1.7365853312447925e-29,7.207110575445731e-30
0.0,4.121454674692587e-29,1.468462448842255e-29,7.589897009686866e-30,7.039097069329254e-30,5.1388051043617016e-30
0.0,8.878829014604727e-29,1.5641995943760084e-29,6.500587027207163e-30,4.164389323090735e-30,3.047633452233952e-30
0.0,4.167221672704149e-29,2.2773766913120506e-29,4.800791456872515e-30,2.956459312369078e-30,2.0218554304621105e-30
0.0,5.517829688975945e-29,2.1563721152799141e-29,4.702866701440971e-30,2.2912970356161695e-30,1.5232025855763098e-30
0.0,5.442437173743204e-29,2.0726586582410472e-29,4.249416202721916e-30,1.9207145260978352e-30,1.7575340256210024e-30
0.0,6.259916072898008e-29,3.699419174854399e-29,6.51798295091124e-30,2.1695434423175017e-30,1.2395750426750813e-30
0.0,7.787449967067163e-29,2.8042026557219304e-29,4.811157582205185e-30,2.4709622638217927e-30,1.616941447829525e-30
0.0,5.361557083208761e-29,3.913721713849442e-29,5.8703857715487265e-30,2.282450700121215e-30,1.6251200248941625e-30
0.0,1.2575283305050655e-28,3.096602732482645e-29,6.338946038090674e-30,2.245172091968864e-30,1.9076456277184102e-30
0.0,1.4195567705040455e-29,2.2693155497517026e-29,3.86096999963461e-30,2.9065321207883652e-30,1.8700009388022306e-30
0.0,7.102340880102554e-29,1.4569552177212554e-29,5.9735456667923015e-30,4.1862811376569915e-30,5.3774429237620445e-30
0.0,1.0717422350097077e-29,1.6666277903151123e-29,5.405680446383463e-30,4.8347593144132665e-30,4.304422918975153e-30
0.0,8.297525302156416e-29,1.841678213040072e-29,1.961821143422529e-29,1.7669748109488723e-29,9.663076162050964e-30
0.0,1.1153313298103978e-29,1.0426101533662318e-28,1.035335921810057e-27,3.0510283582804017e-29,1.5354499270528894e-29
0.0,1.9510412975229254e-30,1.1102230246251565e-15,4.5152518507225e-29,0.039599999999982094,1.2470070366889869e-8
0.0,4.894246822237917e-30,0.03960000000000097,3.697920339134479e-29,0.15360000000000196,3.3012299232900315e-29
0.0,3.7123621636377796e-30,1.3322676295501878e-15,5.313078160131348e-29,1.5543122344752192e-15,2.3289600593854194e-29
0.0,3.216179747610243e-30,1.5543122344752192e-15,6.626315650547895e-28,0.12435950905740331,1.6335575578768898e-28
0.0,1.9343385545244304e-29,5.239779300229991e-30,3.4124340427253234e-29,6.871021317156976e-30,9.766448988109191e-30
0.0,5.04748058788677e-30,1.6749858948654457e-29,9.794347547060399e-30,4.435031167786136e-30,2.7646912322441345e-30
0.0,9.413840489427042e-30,1.9452200587102185e-29,3.985737904407838e-30,2.668714901618727e-30,2.8504807801332923e-30
0.0,3.587494233766961e-29,3.9821906495990665e-29,5.2392304872330384e-30,3.0598632614552067e-30,1.896324241133324e-30
0.0,3.586992675387124e-28,2.4912681906346427e-29,4.8658971334565366e-30,1.9447180843295132e-30,1.980995825208365e-30
0.0,2.211035060741798e-30,4.555750952705535e-29,4.0051343300637496e-30,1.341641317859036e-30,1.6982030573822314e-30
0.0,3.003445840036304e-30,5.16579524067674e-30,2.3837561559399385e-30,1.5958961179924258e-30,2.1329131792216297e-30
0.0,4.951666035376691e-30,1.2707521198743384e-29,2.4243455147038884e-30,1.256230176685351e-30,1.2833839400084645e-30
0.0,5.826699794768112e-29,9.193403478373139e-30,1.7440001307158046e-30,1.3615280082415921e-30,1.2331572278028008e-30
0.0,4.752784001445489e-29,1.5848851604994962e-29,2.4674200934680754e-30,1.8569711753192755e-30,1.8705281813838058e-30
0.0,8.765014289426098e-29,7.767739537793122e-30,2.884362356012535e-30,2.411123774524077e-30,2.9314798469159797e-30
0.0,2.858973668964854e-30,2.11377880329767e-29,3.0563972038528917e-30,2.39657514564978e-30,2.6009717795316643e-30
0.0,1.9037263140592634e-29,5.358120638705271e-29,8.244673747733265e-30,3.870317693212687e-30,2.9900367453915028e-30
0.0,3.0017357344237143e-28,2.771703805098121e-29,1.6434971251639888e-29,5.2581757830587775e-30,3.605433300530236e-30
0.0,6.305615124101131e-30,5.24195418358271e-29,5.794105048240513e-29,4.646300598230362e-29,9.388747132180754e-29
0.0,3.156760956966009e-30,0.03960000000000141,9.928190125582788e-30,1.2681395604676661e-28,6.037695589085841e-29
0.0,3.1785729609953694e-30,0.07840000000000114,8.873152913872628e-29,0.07840000000000291,1.057228584104689e-28
0.0,3.557921687322972e-30,1.9984014443252818e-15,2.5710504086561474e-29,0.039600000000002744,4.7846479731149915e-29
0.0,3.914084682310481e-30,0.039600000000001745,2.695959599650095e-29,0.07840000000000313,1.6086154523832252e-29
0.0,1.3449643944222799e-30,2.3636275379414887e-29,3.795986226712348e-29,1.8489426359010258e-29,4.2760131411795075e-30
0.0,6.919731012864046e-30,1.67625497484672e-29,8.473806717672069e-30,2.3400360054583928e-30,3.702746380611443e-30
0.0,9.044009986218515e-29,1.5159607500217433e-29,4.360705679372343e-30,1.8137055443046053e-30,1.04945463413616e-30
0.0,4.483711281209258e-30,2.118254726118184e-29,3.0051073783179264e-30,1.3961023026032315e-30,1.1197769616047467e-30
0.0,2.933037970463307e-29,1.1987301053037915e-29,2.4409390189559378e-30,1.1441872762406793e-30,1.6581150567014042e-30
0.0,4.9800140601546e-29,2.0975309495445998e-29,4.795314112110678e-30,1.9667029598306824e-30,1.5216569112401425e-30
0.0,4.930894156776816e-29,1.0723642949743052e-29,3.9343587157234524e-30,1.609908259821414e-30,1.5697946827909258e-30
0.0,2.673792145990198e-29,1.6155556719010607e-29,2.715430258349784e-30,1.6430034399857646e-30,8.664527708204848e-31
0.0,1.1373355847890392e-28,1.4201358745271633e-29,2.828533498784638e-30,1.5409152862376415e-30,1.07742961398756e-30
0.0,1.2606698303931527e-29,2.4833877167105178e-29,3.1081193621417728e-30,2.0014569049375346e-30,1.6497164613999207e-30
0.0,6.473868369977085e-30,3.6034534445474055e-30,2.4468554757450953e-30,2.0691809217995493e-30,2.916767282884817e-30
0.0,4.824566183811921e-29,7.34592790805167e-30,3.2627813974373834e-30,3.131255173377708e-30,3.232950437417176e-30
0.0,2.6057474386812834e-29,1.1899694351727628e-29,5.160704622647735e-30,3.816391654769845e-30,3.01434198128967e-30
0.0,9.926390536642752e-30,2.2602781311913853e-29,7.96708684558401e-30,5.4165393016331054e-30,8.04264492916221e-30
0.0,6.007649602839202e-29,3.864471648422297e-29,2.7625860829628416e-29,1.8277309057167314e-29,3.409672298331401e-23
0.0,1.4342141450867222e-30,0.0396000000000013,4.319367827194807e-29,0.1164000000000025,3.51034902984019e-29
0.0,9.417677250025056e-31,1.3322676295501878e-15,2.9040795953748644e-29,2.6645352591003757e-15,2.0213343816712365e-29
0.0,1.7738277010993095e-30,0.03960000000000152,5.137905648855354e-29,0.11640000000000228,2.28269016254678e-29
0.0,2.9636530458973535e-30,0.039600000000001745,8.667273190674049e-29,0.24160000000000414,2.0254072944193353e-23
0.0,2.8018243941670848e-31,1.4252057541425265e-29,2.4045589726784406e-29,4.143318108755183e-30,2.3524744314112234e-30
0.0,4.4100029840091647e-29,1.0890563760246279e-29,5.414204766391716e-30,3.9574991491912536e-30,1.4570787853864873e-30
0.0,7.174187773715123e-29,1.469088607185774e-29,6.0135467695140384e-30,1.1367781467074238e-30,1.159446496227257e-30
0.0,2.3828855123455592e-29,1.4470628711549048e-29,4.4622345430646164e-30,2.510949191699138e-30,1.629851649581533e-30
0.0,1.021377521449437e-28,1.7462083249528412e-29,3.6153479878839414e-30,2.10741602379948e-30,1.5168744420022399e-30
0.0,9.682615568745948e-30,7.731641139510692e-29,2.7201353822411198e-30,1.6104703232163843e-30,1.3281493311894283e-30
0.0,4.2262794978544864e-29,7.777705994143732e-30,3.976959361646925e-30,1.9621608466498394e-30,1.774319506569908e-30
0.0,6.997134599552154e-31,1.7492520646369506e-29,3.651162581129767e-30,2.6265296402656603e-30,2.021725699821057e-30
0.0,2.4485348558417218e-29,9.972514247694892e-30,4.383986936837678e-30,3.6494751583496924e-30,2.4185794345247888e-30
0.0,5.730727809040661e-30,1.079822728314137e-29,5.963138557670415e-30,2.883105108944839e-30,3.02631048033607e-30
0.0,2.441363031692494e-30,1.1789795858720235e-29,5.845267947288423e-30,3.40734755389012e-30,4.454877490677057e-30
0.0,3.070073290936255e-28,1.131837011656983e-29,1.1183551630826023e-29,1.0969388221010162e-29,7.694418614438322e-30
0.0,6.053422270788521e-29,2.676951749619762e-29,3.276744882572257e-29,1.6681473028189154e-29,1.17588888431215e-29
0.0,2.7927066378056254e-29,6.172023285764193e-29,4.64104587982503e-28,4.616751410489852e-29,2.1101888980750193e-29
