1.0,0.20325349715248314,0.058322074800421994,-0.1466800532338176,-0.23566258943261753,-0.17953854842304498
1.0,0.2586862691031602,0.09535533905932764,-0.14796993818251847,-0.04209341710009233,0.016570576116501073
1.0,0.2402086784529343,-0.07871320343559576,-0.15127239604498927,-0.28179074186607245,-0.06913273450935672
1.0,0.07391036260090306,-0.14656854249492293,0.016956496855172462,-0.02044212218526507,-0.12459017206729396
1.0,0.12934313455158036,0.12069032509332106,-0.03323003926011394,0.12464983638692959,0.09741135061602389
1.0,0.055432771950676835,0.015000000000000107,0.017153114359561853,0.013694113143531993,-0.013072149891509397
1.0,0.36955181300451473,0.18863960826940662,-0.01750596236866566,-0.0007358553546673363,-0.04142367801649894
1.0,0.48041735690586923,0.07828435840865333,-0.02885388183534733,0.21291109099124386,-0.05991977995693781
1.0,0.055434482653537204,0.05240360434564537,0.042845271501297945,-0.08039797584954689,0.011131666245094065
1.0,0.14782115602976517,0.1199261565856634,0.036067666201731206,0.027357642232941112,0.019714519452682686
1.0,0.203253081841261,0.0762108181101672,0.05182093636036269,-0.0011596606710498492,0.06921432839651945
1.0,0.2956403083185061,-0.07535737036458451,0.043894962803147065,0.05690607403794034,-0.021983358779079344
1.0,0.05543212907988828,-0.019451124134949357,-0.06958843952411321,0.0332026430389564,0.1077106841111607
1.0,0.33259672557867487,0.08536245352098586,-0.007080431863459946,0.04017327937386686,-0.0017959657282549536
1.0,0.5173722264562144,0.4016103449580154,0.087960027245933,0.016291920642386305,0.08226208704415372
1.0,0.4988949569584251,0.2584557323042506,0.12405266765716591,0.16577787344614225,0.07082773600105556
1.0,0.48041735690586923,0.48645088567374273,0.2652467955726249,0.1331849199007004,0.02499234093556481
1.0,0.4065069943045513,0.18418669284071007,0.023649608121886642,-0.006559586895499874,0.010945235221321865
1.0,0.22173108780211506,0.12992622388803773,0.033852661826300284,0.02967474508551538,0.1554657087697706
1.0,0.2956414504036119,0.03164206478135724,-0.05790629824454291,-0.07554134178270494,-0.005082072511879916
1.0,0.11086554390135434,0.06828427124743165,-0.01682880764823797,-0.02395892393349076,0.05538928915938628
1.0,0.11086554390135445,-0.05871320343558748,-0.13868359407018277,0.005409215472325358,-0.030962014554871686
1.0,0.14782072520180575,0.020947831645220228,-0.020072414102699568,-0.03684518370982514,-0.06349979917866874
1.0,0.22173108780270875,0.09255299511452927,-0.13889555395103675,0.01473663623050453,0.005950873377191942
1.0,0.16629831585203178,0.03265642061001191,0.12506219279470307,-0.07757978270894775,-0.11694734087392028
1.0,0.16629831585203156,0.04416889436410596,0.08127654305484876,0.12341472016854663,0.034195760346518715
1.0,0.1662983158520315,-0.1350652593639545,-0.07182046374358637,0.06255973636871749,-0.10241042582983685
1.0,0.1847759065022569,0.03666850538109654,0.12629196662799733,0.07972283585059307,0.06302086982465971
1.0,0.25868626910316034,0.0003475824490929502,-0.10059666783594569,-0.07162134911970111,-0.02568511352415366
1.0,0.2032534971524834,-0.07539314994106525,0.027377813056585727,0.07929472031134979,0.0663274321583636
1.0,0.18477590650225711,-0.013643219127723503,0.12104114451157487,0.006672664305050413,0.04132596593538896
1.0,0.25868626910316034,0.17573509471265036,-0.10476024901772084,-0.053384722432106776,0.015014186088385588
1.0,0.18477590650225698,0.007403582726433527,-0.08179440472302897,-0.03993143603269142,0.00046034112404671037
1.0,0.4619134761039524,0.08387195274899537,0.12995840252166585,0.04411335621202743,0.07920741437868269
1.0,0.48040385186520645,0.206975441913519,0.15170736496583656,0.08325604836150756,0.07413872787006036
1.0,0.4803785726421234,0.23568254881492945,0.11398189980169732,-0.0637257498287708,-0.08782124874064025
1.0,0.480340145872439,0.18500531028513176,0.0450393777064408,0.18592435185332465,0.07728393656590757
1.0,0.25858772593956225,0.2899547518845631,0.07060420275852342,-0.13820829666641343,-0.010847720353982737
1.0,0.0739103626009036,0.015091043330556298,0.05893943039032858,-0.07378906137738288,-0.09854653891226453
1.0,0.12933526441102774,-0.20629885228529654,0.008557965073235849,0.02543342703337415,-0.01212544327285366
1.0,0.0739103626006422,-0.030001545591901938,0.031737324756745934,-0.07383007655516689,0.01947058334716359
1.0,-7.582823258189819e-15,-0.03354590725436796,-0.0028310457467017034,-0.06348625489201637,0.08503560558641396
1.0,0.24020867845307703,0.007500674050884028,-0.001138517928671975,0.013152075135718831,-0.083088497428937
1.0,0.24020867845309035,-0.0688565863854242,-0.15057935431384994,-0.06521556719933695,-0.04757918596764069
1.0,0.05543277195073349,0.1711404277372497,0.009761654657741486,-0.10448970341048243,-0.02073999778253559
1.0,0.2771638597532412,0.0518096285918772,-0.1027426297516008,-0.06395730569082068,0.10936176479757558
1.0,0.24020867845283778,0.20028174592921222,-0.18711042675916933,0.013461420077669333,-0.05561223387341352
1.0,0.22173108780268067,0.1021201613489601,0.026630542406672633,0.06738041777189499,0.07128833839731043
1.0,0.25868626910312414,0.007500000000249693,-0.058576353639920704,-0.0461380536044289,-0.03671208717345936
1.0,0.14782072520180545,0.08774103977939555,-0.0116990788741809,-0.12219585278523779,-0.008497822421633225
1.0,0.12934313455157972,-0.07328427124614637,0.06670532207817757,-0.08338818377081442,-0.03209593034198778
1.0,0.35107422235428926,-0.013433158298295998,-0.019456890305257907,-0.11041715436040037,-0.10102551187041559
1.0,0.4619397662556224,0.2671994644648773,0.20270103015555033,0.10144420585848674,0.07987348270592232
1.0,0.5728053101569952,0.3899478997434603,0.22626456452086155,-0.015110900050137986,-0.019326436423390433
1.0,0.6097604913456413,0.28962469514935435,0.06768134793950825,0.07166084641706232,0.1890784077982517
1.0,0.4434621761533954,0.25280610040960994,0.04151867839061407,0.02524683326513203,-0.023674382837635077
1.0,0.20325349715266822,1.6578960426727464e-14,0.06985125406864262,-0.05188917005726314,0.0041802330129467845
1.0,0.05543277195067718,-0.0637132034356157,-0.008576931771941238,0.034582299651430226,0.026160386936121348
1.0,0.09238795325106404,-0.1374631803026207,-0.08541376400749348,-0.24887431775003444,-0.026854915753160905
1.0,0.2771638597534132,-0.06164213562347152,0.05775790156993719,0.06486346306754091,-0.04717084908077746
1.0,0.2586862691031088,0.11949747468358027,-0.04269543723983817,-0.05168507857439626,-0.0956994330463038
1.0,0.3510742223544722,0.21528174593034943,0.13980654948013455,0.16572042539371012,0.0357029692511341
1.0,0.33259663170448567,0.10063713125499564,-0.13482950280302883,0.005283776423961768,0.007439109464759528
1.0,0.3325966317040632,-0.14906854126919708,-0.024100245314300387,-0.06069736358887976,-0.009586188143937526
1.0,0.24020867845290225,-0.05091499057592503,-0.01504618777630083,-0.0503365999358476,0.02768865054848864
1.0,0.1108655439012755,0.1094984359242768,0.028989178225031977,0.001207123710822532,-0.043888777144003216
1.0,0.12934313455128757,0.08416249594268979,0.07636075373541865,-0.08550771089767677,-0.0371555991222079
1.0,0.3880294036547175,0.21195242570323308,0.07773946932472807,-0.126549388324723,-0.07051617247576221
1.0,0.20325346763713906,0.15334341550217315,0.05937455275085855,0.030195863435397662,-0.04660256620051628
1.0,0.1293431632536366,0.05370464281729493,0.011523751305657965,0.17543207115291473,0.043942532364421305
1.0,0.31412025967718643,0.12459380498830837,0.024397137383262404,0.07015310473721778,0.012633463821265435
1.0,0.5173725382062471,0.3071690095160729,0.24949099327147842,0.06364583666736316,0.034495131441664564
1.0,0.5358453058447028,0.35282180783472666,0.13943933110452802,-0.006727732568296637,-0.022058022377428977
1.0,0.5173640778249152,0.2784863592036271,0.17212223045987618,0.10471048083815356,0.029457198812922147
1.0,0.38803060064877615,0.3071625156916585,0.16005652277284568,0.008180198101296492,-0.031933514419798435
1.0,0.2402087946034914,0.1292927938690344,0.04725777515443694,0.06439561293583582,-0.031690978114136736
1.0,0.22173108779553544,0.012500004743809577,0.013110425301794746,0.026104080219358904,-0.014712837938833635
1.0,0.147820725094973,-0.018261803154444874,0.013228864555045817,-0.0890151253843323,-0.011084274179803478
1.0,0.33259662943042223,0.039142125414368706,0.049206051938942126,-0.05576974781114236,-0.06391778497378943
1.0,0.20325352767433671,0.0017893089966522025,0.025895297759496918,0.03267562472630405,0.07954465835408081
1.0,0.22173108780279005,0.09785571101328588,0.060797227016313155,0.15468182226387042,0.007824389644191201
1.0,0.2402086784476236,0.05240605743075541,0.07696887972787718,-0.009650384850727998,0.004438108077893473
1.0,0.16629831585203417,-0.011642492676667332,0.0004608138253348981,0.07484092779808836,-0.005824549262416775
1.0,0.12934313455157984,0.03441324309209498,-0.1321946786475335,0.0555519337269717,-0.04197113744394573
1.0,0.2402086784529341,-0.007071113161127823,-0.02068021294339127,-0.044180844482029046,0.016856988340537248
1.0,-3.1549207690773075e-14,-0.020351408349911164,-0.06388198532294356,-0.17344645427189026,-0.009502350563081323
1.0,0.2771638597531897,-0.007500210081284339,-0.09863103776174803,-0.0012346081238044392,-0.0840456429377694
1.0,0.11086548942419636,0.17324615707915034,0.0030771533717899226,0.06657338779061094,0.057339924332880224
1.0,0.29564145041131656,0.27358952246890644,0.08289877170967767,0.023797889700346752,0.08571230835789276
1.0,0.388059152319127,0.11938342326968343,0.06137624026454958,0.08155514299232931,0.024850028765569097
1.0,0.5357954725372998,0.1959357936670053,0.1260122996936296,0.04628690222969323,0.07007941537018154
1.0,0.36947149400201523,0.017041960298950113,0.004468164097113524,0.010401324561703083,-0.02132033683143447
1.0,0.5536544627722949,0.24632877196100667,0.08956756917715002,1.2244320822031307e-5,-0.07782457254226577
1.0,0.5543277195146122,0.33457497857714785,0.13550395039655702,0.1114473990470509,0.034240791309891765
1.0,0.2956181099996711,0.11853831284253612,-0.05382397595902284,0.16252849800376787,0.11240432886123036
1.0,0.2956405749969026,0.04873207351170349,0.2148554515474888,0.12115395450310038,0.0996113343734455
1.0,0.09238785037154558,0.06977991404087601,-0.0430491166006084,-0.09705733930557421,0.025872306691488784
1.0,0.1108655307252647,-0.01957137876884864,-0.09567177517789448,-0.2123224268564506,-0.045387653822174696
1.0,0.1478206924682541,-0.035421748784301106,0.023957320797823672,-0.028651227849358352,-0.003587441315390062
1.0,0.25868605275630824,0.08785069951177349,0.07223238538369958,0.03508276944032699,-0.014610478919559848
1.0,0.1847723108738984,0.03410303375724007,0.09281212414804672,0.08574465841524655,0.0004567454648960767
1.0,0.18477590717357464,0.05371170855065983,-0.007815810439878834,0.054581649465946486,0.03236778542955913
1.0,0.07391036080832515,0.16983031200001505,0.0587882501481849,-0.028578149694524435,-0.1043478075482554
1.0,0.27716386181924546,0.022070223260161625,-0.06621254607637313,-0.04614288515165274,-0.05306333871763947
1.0,0.24020867587752082,0.015579926143611615,0.06576925741171587,-0.0810550403040709,-0.0072816972762858026
1.0,0.14782072319433254,0.08992644286313349,-0.11806770288868701,-0.02852763639703989,0.08656514674112464
1.0,0.24020870776710632,0.06769177874852096,-0.023642334381706213,-0.03818014072033586,0.0064095849154763105
1.0,0.16629830253470249,0.11668867046643173,0.07485916265539894,0.06365620670743559,-0.04235307035714347
1.0,0.18473176677678044,0.23606499380409357,-0.021890566244629806,0.1346367996429213,-0.008597669729269201
1.0,0.42440796835859684,0.22128933217521382,0.07579665636768407,0.03000701495704825,0.05890809724918867
1.0,0.4793906092277369,0.2581483058425813,0.04658029731469644,0.07673146503550772,-0.0041107731187211005
1.0,0.5912829008072236,0.34130117471340327,0.2102224013843512,0.014519054169861195,-0.03839514282802606
1.0,0.5541242397187803,0.38851118262793227,0.2362699098162157,0.13709597204820717,0.0019196621663386004
1.0,0.4065069943049756,0.0853718813798179,0.05989054128326257,-0.07518960928914435,0.019152154431306717
1.0,0.16627133415740436,0.10191726624368112,0.004519204776097558,-0.15907982353396063,-0.014369681441895286
1.0,0.20326631391979408,-0.107390346702954,-0.1382561424434909,0.07690424476485536,0.02108995233743004
1.0,0.20325349715248262,-0.1461361815523056,0.08532736419992315,-0.0544729840122193,-0.0683821195211233
1.0,0.25868626910316095,-0.08491342272965802,0.006261736394539732,-0.04861663359235363,-0.023655128272519966
1.0,0.29564145040312234,0.0849361275891834,0.08522350852893648,0.02400933803611681,-0.033712958704223396
1.0,0.12934313455157917,0.041641263999709216,-0.06307505009987265,0.03260171694909917,-0.13769701434898077
1.0,0.12934313455157975,-0.01207106781186682,0.01328398455304271,-0.13934152353592494,0.26176915258949385
1.0,0.2586862691031606,0.032071067811867186,-0.11737883866048575,-0.00909459929031686,-0.04141234321469924
1.0,0.09238795325112859,-0.1371649677000533,-0.02222180552108399,-0.013411802685190974,0.07545767718787774
1.0,0.20325349715248273,-0.08078427124746224,-0.017782475889891805,0.038014552517474376,0.1961197136616026
1.0,0.14782072520180609,-0.06578427124746195,-0.01769352621887116,-0.03875165378436186,-0.08441827084022326
1.0,0.05543277195067706,0.09078427124746298,-0.0884767254154618,0.0037481335463054976,-0.00584312285551564
1.0,0.24020867845293523,-0.049480584755492885,-0.015824094398946338,-0.05456638879467163,0.05010152231938325
