1.0,0.4,0.16,0.12,0.019999999999999997,0.1
1.0,0.3,0.02000000000000005,-0.08,0.06,0.08
1.0,0.28,0.2,-0.02000000000000003,0.019999999999999983,0.03999999999999992
1.0,0.04,0.060000000000000026,0.059999999999999956,-0.08000000000000002,0.11999999999999993
1.0,0.12000000000000004,0.14,0.11999999999999994,0.019999999999999976,0.11999999999999993
1.0,0.18000000000000005,0.12,0.020000000000000046,-0.04000000000000009,0.020000000000000007
1.0,0.23999999999999996,-0.02,-0.020000000000000087,-0.04000000000000001,-0.08
1.0,0.34,0.14,-0.019999999999999903,-0.24000000000000007,-0.060000000000000074
1.0,0.22000000000000008,-0.16000000000000006,0.039999999999999994,0.12,0.040000000000000105
1.0,0.22000000000000003,0.17999999999999997,0.059999999999999894,-0.10000000000000007,-0.04000000000000007
1.0,0.24000000000000007,0.16,0.13999999999999996,-0.16,-0.12
1.0,0.30000000000000004,0.12000000000000019,0.38,0.2000000000000001,-0.08000000000000013
1.0,0.08000000000000002,0.06000000000000002,0.05999999999999983,0.18,-0.03999999999999984
1.0,0.42,0.2400000000000001,0.03999999999999986,-0.059999999999999894,0.020000000000000014
1.0,0.52,0.4000000000000001,0.26,0.11999999999999993,0.08000000000000011
1.0,0.56,0.20000000000000007,0.25999999999999995,0.020000000000000018,-0.06
1.0,0.3999999999999999,0.24000000000000013,0.07999999999999993,0.1000000000000001,-0.019999999999999973
1.0,0.66,0.44000000000000006,0.020000000000000132,0.05999999999999976,0.01999999999999986
1.0,0.26,0.039999999999999945,0.08,-0.10000000000000007,0.03999999999999979
1.0,0.06000000000000003,0.03999999999999997,0.06000000000000003,0.07999999999999997,0.019999999999999886
1.0,0.059999999999999984,-0.09999999999999988,-0.03999999999999973,-0.11999999999999986,-0.05999999999999986
1.0,0.32000000000000006,0.10000000000000003,0.019999999999999837,-0.040000000000000015,0.12000000000000018
1.0,0.06000000000000009,0.03999999999999993,-0.12000000000000006,-0.16000000000000011,-0.020000000000000052
1.0,0.4,-0.019999999999999952,0.040000000000000015,0.040000000000000265,-0.019999999999999952
1.0,0.17999999999999994,0.30000000000000004,0.03999999999999998,7.327471962526034e-17,-0.11999999999999994
1.0,0.22,0.059999999999999803,-0.02000000000000004,0.020000000000000052,-0.0799999999999999
1.0,0.20000000000000015,0.03999999999999992,-0.08000000000000003,1.2878587085651815e-16,0.22000000000000014
1.0,0.30000000000000004,-0.06000000000000003,-0.18000000000000022,-0.12000000000000019,0.04000000000000016
1.0,0.09999999999999998,0.10000000000000035,0.10000000000000016,-0.16000000000000017,-0.09999999999999992
1.0,0.15999999999999973,0.05999999999999981,0.1,0.16000000000000011,0.04000000000000009
1.0,0.22000000000000008,0.10000000000000034,-2.486899575160351e-16,-0.040000000000000056,-1.554312234475219e-16
1.0,0.16000000000000014,0.08000000000000024,0.20000000000000004,0.10000000000000009,-0.02000000000000003
1.0,0.22,-0.16000000000000014,-0.10000000000000003,-0.12000000000000022,0.040000000000000216
1.0,0.6000000000000001,0.36000000000000026,0.1800000000000001,0.20000000000000018,0.20000000000000007
1.0,0.44000000000000006,0.22000000000000014,0.20000000000000026,0.18000000000000005,0.18000000000000027
1.0,0.6600000000000003,0.32000000000000006,0.20000000000000018,-4.2188474935755947e-16,-0.040000000000000056
1.0,0.6000000000000003,0.3800000000000005,0.24000000000000005,0.26000000000000034,0.05999999999999992
1.0,0.23999999999999996,0.06000000000000012,-0.05999999999999993,0.08000000000000007,-0.12000000000000005
1.0,0.3,0.22000000000000003,0.020000000000000132,-0.19999999999999996,0.01999999999999986
1.0,0.09999999999999991,-0.11999999999999979,-0.02000000000000007,2.331468351712829e-16,0.0399999999999999
1.0,0.18000000000000013,-2.3314683517128286e-17,0.039999999999999855,-0.06000000000000017,0.06000000000000018
1.0,0.28000000000000025,0.01999999999999997,0.06000000000000016,0.040000000000000015,0.03999999999999984
1.0,0.2800000000000001,0.22000000000000042,0.08,-0.0800000000000002,0.05999999999999995
1.0,0.17999999999999997,0.13999999999999985,-0.059999999999999984,-0.1199999999999997,-0.16000000000000006
1.0,0.24000000000000007,-0.020000000000000125,0.019999999999999823,0.08000000000000015,-3.9968028886505636e-16
1.0,0.32000000000000006,0.21999999999999983,0.14000000000000035,0.2000000000000004,-0.0799999999999997
1.0,0.08000000000000021,0.08000000000000032,0.12000000000000006,-0.02000000000000022,-0.08000000000000003
1.0,0.2800000000000001,-0.019999999999999855,2.3092638912203257e-16,0.05999999999999959,-0.22
1.0,0.30000000000000016,0.12000000000000038,0.16000000000000017,0.10000000000000017,0.06000000000000021
1.0,0.30000000000000016,-0.06000000000000002,-0.14000000000000032,-0.09999999999999985,0.020000000000000604
1.0,0.17999999999999997,0.14000000000000032,0.0999999999999999,-0.04000000000000031,0.0799999999999997
1.0,0.1800000000000001,-0.019999999999999983,0.09999999999999996,0.02000000000000014,-0.21999999999999983
1.0,0.5400000000000003,0.32000000000000056,0.26000000000000023,0.019999999999999903,-0.019999999999999806
1.0,0.5600000000000002,0.2800000000000001,0.1200000000000001,0.16000000000000003,0.18000000000000022
1.0,0.5800000000000004,0.2400000000000002,0.02000000000000008,0.039999999999999994,0.019999999999999796
1.0,0.6000000000000001,0.32000000000000056,0.25999999999999995,0.10000000000000053,0.14000000000000018
1.0,0.16000000000000023,0.06000000000000014,0.09999999999999992,0.10000000000000037,-0.019999999999999695
1.0,0.1400000000000003,-0.019999999999999837,0.06000000000000001,-0.2000000000000005,-0.040000000000000126
1.0,0.16,-0.08000000000000007,-2.1538326677728036e-16,4.39648317751562e-16,0.06000000000000019
1.0,0.1399999999999998,-0.10000000000000013,-0.1399999999999997,-0.1400000000000003,0.01999999999999966
1.0,0.16,0.020000000000000257,-0.040000000000000036,-0.020000000000000066,-0.04000000000000035
1.0,-1.2212453270876723e-16,0.18000000000000013,0.14000000000000037,0.06000000000000028,0.1400000000000002
1.0,0.15999999999999986,-0.040000000000000195,0.12000000000000019,0.09999999999999983,-0.06000000000000014
1.0,0.08000000000000028,0.2200000000000004,0.09999999999999988,-0.15999999999999992,0.01999999999999959
1.0,0.2000000000000001,-0.02000000000000041,-0.05999999999999984,0.0799999999999999,0.12000000000000022
1.0,8.881784197001253e-18,-0.3200000000000003,-0.07999999999999977,0.04000000000000024,-0.04000000000000014
1.0,0.1400000000000001,0.16,0.09999999999999985,-0.02000000000000032,-0.03999999999999996
1.0,0.26,0.08000000000000011,0.11999999999999998,-0.06000000000000018,-0.14000000000000054
1.0,0.32000000000000023,-2.7755575615628914e-16,-0.05999999999999993,0.04000000000000023,0.06000000000000019
1.0,0.30000000000000016,0.16000000000000023,-0.039999999999999744,0.03999999999999992,-3.641531520770513e-16
1.0,0.24000000000000019,0.2400000000000002,0.16000000000000017,0.02000000000000002,0.03999999999999961
1.0,0.39999999999999963,0.09999999999999991,0.10000000000000007,0.10000000000000035,0.20000000000000065
1.0,0.5800000000000002,0.30000000000000054,0.3400000000000003,0.19999999999999996,0.07999999999999999
1.0,0.5000000000000003,0.36000000000000026,0.1000000000000002,0.020000000000000292,-2.6201263381153693e-16
1.0,0.5000000000000002,0.16000000000000042,0.18000000000000027,0.14000000000000049,0.16000000000000003
1.0,0.42000000000000043,0.11999999999999979,0.14000000000000024,0.08000000000000039,0.0799999999999998
1.0,0.2000000000000004,0.09999999999999976,0.03999999999999977,-0.06000000000000001,-0.19999999999999982
1.0,0.0800000000000004,0.07999999999999981,0.059999999999999915,0.019999999999999813,0.1400000000000002
1.0,0.1600000000000003,0.12000000000000038,-0.12000000000000043,0.10000000000000059,0.12000000000000063
1.0,0.22000000000000014,-0.04000000000000045,-8.215650382226158e-17,-0.020000000000000417,-0.020000000000000007
1.0,0.1199999999999999,0.12000000000000005,0.03999999999999995,-7.549516567451065e-17,0.0400000000000003
1.0,0.18000000000000013,0.09999999999999992,-0.22000000000000003,0.040000000000000265,0.22000000000000003
1.0,0.08000000000000028,-0.10000000000000005,-0.07999999999999977,-0.18000000000000077,-0.020000000000000587
1.0,0.18000000000000013,0.13999999999999985,-0.019999999999999733,0.12000000000000015,0.060000000000000366
1.0,0.28,-0.14000000000000015,0.09999999999999984,0.05999999999999968,0.16000000000000028
1.0,0.15999999999999986,-0.11999999999999973,0.01999999999999973,-6.88338275267597e-17,0.06000000000000065
1.0,0.4000000000000005,0.1400000000000005,-0.1199999999999996,-0.020000000000000812,-0.1399999999999999
1.0,-5.284661597215745e-16,0.14000000000000015,-1.1102230246251565e-16,0.019999999999999945,0.020000000000000132
1.0,0.3400000000000002,0.12000000000000091,0.019999999999999983,0.24000000000000024,0.12000000000000079
1.0,0.4800000000000004,0.18000000000000027,-0.019999999999999907,0.10000000000000067,-5.329070518200751e-17
1.0,0.5400000000000003,0.22000000000000056,0.05999999999999992,-5.329070518200751e-17,-0.08000000000000011
1.0,0.7000000000000003,0.4000000000000009,0.1600000000000005,-0.08,0.10000000000000074
1.0,0.6000000000000004,0.42000000000000115,0.2800000000000002,0.24000000000000085,0.22000000000000064
1.0,0.6400000000000005,0.5000000000000011,0.36000000000000043,0.30000000000000115,0.18000000000000035
1.0,0.4400000000000002,0.32000000000000106,0.12000000000000047,0.0799999999999997,0.11999999999999993
1.0,0.18000000000000008,0.04000000000000024,0.06000000000000025,0.20000000000000093,-0.12000000000000074
1.0,0.1399999999999999,0.12000000000000069,0.07999999999999999,0.10000000000000028,0.16000000000000003
1.0,0.23999999999999994,0.09999999999999992,0.020000000000000163,-0.019999999999999903,-0.08000000000000013
1.0,0.10000000000000017,0.020000000000000063,-0.0400000000000003,0.03999999999999963,-0.06000000000000053
1.0,0.18000000000000013,0.14000000000000068,0.15999999999999998,0.04000000000000024,1.687538997430238e-16
1.0,0.18000000000000024,0.12000000000000047,-0.08000000000000052,-0.12000000000000027,-0.11999999999999986
1.0,0.3599999999999999,0.04000000000000007,0.18000000000000022,-0.04000000000000023,0.13999999999999982
1.0,0.019999999999999993,-0.020000000000000528,-1.376676550535194e-16,-0.03999999999999953,-0.02000000000000045
1.0,0.09999999999999992,0.18000000000000038,0.0599999999999999,0.1200000000000003,0.08000000000000027
1.0,0.10000000000000017,0.08000000000000007,0.14000000000000049,0.10000000000000021,0.08000000000000003
1.0,0.13999999999999996,0.09999999999999992,0.24000000000000077,-0.0600000000000005,-0.04000000000000046
1.0,0.1599999999999999,0.05999999999999965,-0.1000000000000002,0.1200000000000003,0.06000000000000019
1.0,0.32000000000000034,0.039999999999999564,-0.07999999999999961,0.02000000000000005,0.19999999999999996
1.0,0.32000000000000056,0.2800000000000005,-0.019999999999999563,-0.09999999999999977,-0.059999999999999803
1.0,0.48000000000000015,0.3400000000000004,0.14000000000000049,0.01999999999999984,0.22000000000000047
1.0,0.6800000000000004,0.2600000000000004,0.16000000000000011,0.039999999999999473,0.040000000000000216
1.0,0.4400000000000005,0.4600000000000011,0.40000000000000013,0.28000000000000125,0.260000000000001
1.0,0.5400000000000004,0.4600000000000005,0.25999999999999984,0.24000000000000082,0.11999999999999936
1.0,0.6000000000000006,0.3400000000000009,0.2400000000000011,0.14000000000000049,-4.085620730620576e-16
1.0,0.17999999999999955,-1.4654943925052067e-16,-0.1200000000000001,-0.04000000000000055,-0.06000000000000027
1.0,0.2199999999999999,0.08000000000000008,0.10000000000000041,-5.329070518200751e-16,-0.12000000000000047
1.0,0.44000000000000034,0.05999999999999971,-0.07999999999999942,0.14000000000000024,-0.04000000000000045
1.0,0.34,0.14000000000000032,-0.01999999999999982,-0.08000000000000028,0.02000000000000072
1.0,0.2000000000000001,0.02000000000000031,0.07999999999999959,-0.1400000000000005,0.0399999999999996
1.0,0.1800000000000002,0.1400000000000006,0.05999999999999945,0.03999999999999968,0.10000000000000078
1.0,0.2200000000000001,-0.05999999999999997,-0.18000000000000005,0.020000000000000035,0.040000000000000445
1.0,0.2599999999999999,-0.039999999999999834,0.040000000000000514,-0.09999999999999995,-0.04000000000000054
1.0,0.14000000000000035,0.18000000000000077,0.16000000000000075,-0.020000000000001145,-0.040000000000000015
1.0,0.1400000000000004,0.10000000000000026,-0.019999999999999626,-0.04000000000000057,0.18000000000000044
1.0,0.12000000000000036,0.08000000000000064,-0.09999999999999988,-0.08000000000000021,0.059999999999999255
1.0,0.24000000000000007,-0.0200000000000011,0.06000000000000046,-0.09999999999999995,-0.1000000000000007
1.0,0.3399999999999999,0.08000000000000079,0.09999999999999966,0.10000000000000037,-2.2204460492503132e-17
