t,z_ref_qutip,DOUBLEADAPTIVE,DOUBLEFIXED,SINGLE_SITE_TDVP,TWO_SITE_TDVP
0,1,1,1,1,1
0.01,0.9983509338575268,0.9995012595035606,0.9983508323112475,0.9983509334570709,0.9983509334218543
0.02,0.9934149181036011,0.9960853053967185,0.9934158483198017,0.9934149212324799,0.9934149209112154
0.03,0.9852254090535894,0.9893985152270798,0.9852295908203446,0.9852254201973383,0.9852254190837823
0.04,0.9738378252983394,0.9794861956327953,0.9738457087062534,0.9738378419284932,0.9738378392730647
0.05,0.9593290065026275,0.9664153317892442,0.9593498557219563,0.9593290323401794,0.9593290271607288
0.06,0.9417965013486592,0.9502739688681658,0.9418330644769629,0.9417965519824166,0.9417965430780806
0.07000000000000001,0.9213576864690146,0.9311704162457402,0.9214083704382244,0.9213577656581482,0.9213577516289566
0.08,0.8981486222683809,0.9092322302086587,0.8982100237695648,0.8981487522675922,0.8981487315345871
0.09,0.8723228558723229,0.884605012970704,0.8723960451866313,0.8723230478547545,0.8723230186837208
0.1,0.8440499430551003,0.8574510685006621,0.8441364074181116,0.8440502367327908,0.8440501972603489
0.11,0.8135139828089439,0.8279479244858479,0.8136178549896551,0.8135144072286715,0.8135143554906801
0.12,0.7809118818155758,0.7962867280182894,0.7810264927351548,0.7809124900177555,0.7809124239780499
0.13,0.7464515892646998,0.7626705344886509,0.7465765027285093,0.7464524981802192,0.7464524157619027
0.14,0.7103503554683833,0.7273125021009426,0.7104876064788286,0.7103516890141804,0.7103515881313954
0.15,0.6728327347485886,0.6904340140841622,0.6729843189448529,0.6728346682478981,0.6728345468375087
0.16,0.6341287320958998,0.6522627589939974,0.6342979015500857,0.6341314576225598,0.6341313136762223
0.17,0.5944717812368181,0.6130307914649502,0.5946617571536329,0.5944755468648453,0.5944753784608605
0.18,0.5540968385786582,0.572972588684392,0.554310498821223,0.5541019508365355,0.5541017561700431
0.19,0.5132384516407441,0.5323231218357343,0.5134782276975791,0.5132452921475151,0.5132450695588732
0.2,0.4721288939881813,0.4913159631680025,0.4723968687252412,0.4721379287676575,0.4721376767699403
0.21,0.4309963535392878,0.4501814475879233,0.4312935086402216,0.4310081451908706,0.431007862494705
0.22,0.3900632037829421,0.409144906156094,0.3903893164330376,0.3900784245006527,0.3900781100364684
0.23,0.3495443718546696,0.3684249878350043,0.3498980565174669,0.3495638172985229,0.3495634702367264
0.24,0.3096458177735062,0.3282320853750078,0.3100253353380353,0.3096704219048623,0.3096700416734473
0.25,0.2705631381967644,0.2887668804071522,0.2709673316292538,0.2705939885514974,0.2705935748494894
0.26,0.2324803146341893,0.2502190201888138,0.2329090473448535,0.2325186584839206,0.2325182112911953
0.27,0.1955685724295859,0.2127659350578767,0.1960222893538901,0.1956158470148776,0.1956153665990009
0.28,0.1599854211578154,0.1765718034920649,0.1604633470133405,0.1600432776434116,0.1600427645631157
0.29,0.1258738490731349,0.1417866704722923,0.1263740636767294,0.125944172401058,0.125943627506181
0.3,0.09336167172230833,0.1085457233751034,0.09388217771259807,0.09344660164036719,0.09344602606810778
0.31,0.06256104119446337,0.07696872773738081,0.0631001183385578,0.06266299456481472,0.06266238973256968
0.32,0.0335681154802215,0.04715962342622632,0.03412427804865954,0.03368980993878752,0.03368917753379785
0.33,0.00646288559611017,0.01920627996632323,0.007034813475415748,0.00660736463254206,0.006606706598398569
0.34,-0.01869084355136992,-0.006819592112029137,-0.01810418121763216,-0.01852018402923512,-0.01852086550881016
0.35,-0.04184532118041732,-0.03086237883970017,-0.04124447788573263,-0.04164470771781879,-0.04164541023777318
0.36,-0.06296857303543664,-0.05288235582009866,-0.06235352752900936,-0.06273383539334443,-0.06273455634820489
0.37,-0.0820440270318588,-0.07285534460887087,-0.08141411593104268,-0.08177054878120231,-0.08177128538770062
0.38,-0.09906997047800074,-0.09077224154141784,-0.09842384892242419,-0.09875265451768112,-0.09875340383862227
0.39,-0.1140589080390781,-0.1066384290269038,-0.113394507518993,-0.1136921434342836,-0.113692902403133
0.4,-0.1270368210152341,-0.1204730801424784,-0.126351299215682,-0.1266144482678793,-0.1266152137132465
0.41,-0.1380423369135389,-0.1323083680870387,-0.1373320213415684,-0.1375576117325901,-0.1375583804018942
0.42,-0.1471258216869039,-0.1421885926528016,-0.1463861493150481,-0.1465713773691567,-0.1465721459507608
0.43,-0.1543484073213141,-0.1501692363103246,-0.1535738621593116,-0.1537162159003524,-0.1537169810430029
0.44,-0.1597809675978802,-0.1563159627655292,-0.1589650177330184,-0.1590622999692741,-0.1590630582976096
0.45,-0.1635030491226518,-0.1607035709259428,-0.1626380902146428,-0.1626884401279715,-0.1626891882528675
0.46,-0.1656017835358234,-0.1634149171081405,-0.1646790823104584,-0.164680994783506,-0.1646817293056119
0.47,-0.1661708042844426,-0.1645398180501129,-0.1651804244171254,-0.1651327665061049,-0.1651334840106757
0.48,-0.1653091234893074,-0.1641739468910086,-0.1642398725734756,-0.1641418966691479,-0.1641425937104287
0.49,-0.1631200348732875,-0.1624177337663601,-0.1619594165007572,-0.1618107698355644,-0.1618114429078969
0.5,-0.1597100374050705,-0.159375282049679,-0.1584442083761903,-0.1582449386404126,-0.1582455841339879
0.51,-0.1551877888446949,-0.1551533105578027,-0.1538015222288642,-0.1535520791597686,-0.1535526932976915
0.52,-0.149663098287929,-0.1498601312362298,-0.1481397530075403,-0.1478409859131743,-0.1478415646667589
0.53,-0.1432459659018717,-0.1436046709626978,-0.1415674634627159,-0.1412206147363622,-0.1412211537152306
0.54,-0.136045677086711,-0.1364955451656819,-0.1341924860266388,-0.1337991807959762,-0.1337996751091109
0.55,-0.128169950109809,-0.1286401899639456,-0.1261210858799441,-0.125683318012962,-0.1256837620968585
0.5600000000000001,-0.1197241681384846,-0.1201440585100973,-0.117457190376057,-0.1169773051310193,-0.1169776925408224
0.5700000000000001,-0.1108106749288244,-0.1111098861831211,-0.1083016889686051,-0.1077823626238488,-0.1077826857834664
0.58,-0.1015281281895543,-0.1016370282399604,-0.09875180676474667,-0.09819602359442173,-0.09819627350154164
0.59,-0.09197093919018985,-0.09182087251524509,-0.08890055382015201,-0.08831158079326873,-0.08831174667567299
0.6,-0.08222878891573668,-0.08175232875398887,-0.07883625131008351,-0.07821761088389059,-0.07821767980366423
0.61,-0.07238622097603219,-0.07151739517527156,-0.06864213476492452,-0.06799757612227667,-0.06799753252531952
0.62,-0.06252231058461943,-0.06119680190919033,-0.05839603365689766,-0.05772950270571081,-0.05772932791465164
0.63,-0.05271040808288649,-0.05086573005019752,-0.04817012577541623,-0.04748573419214167,-0.04748540584190603
0.64,-0.04301795448572689,-0.04059360425077713,-0.03803076403973495,-0.0373327576039969,-0.03733224902063684
0.65,-0.03350636142399219,-0.03044395604807032,-0.02803837267605517,-0.02733109911678725,-0.02733037864167867
0.66,-0.02423097379785966,-0.02047435446724428,-0.01824740903909342,-0.01753528559834298,-0.01753431586156701
0.67,-0.01524107765653948,-0.0107363998726406,-0.008706386791200846,-0.007993867714009282,-0.007992604862944093
0.68,-0.00657996550010236,-0.00127577654165514,0.0005420443290597498,0.001250500150146156,0.001252107258973315
0.6900000000000001,0.001714942616071706,0.007867640977331024,0.009460967307916908,0.01016092826874023,0.0101629389041855
0.7000000000000001,0.009611931372031304,0.01665963298736419,0.01801902068367291,0.01870611367078151,0.0187085960752409
0.71,0.01708478132709449,0.02507143674592787,0.02619018105934116,0.02686012154992548,0.02686315378596063
0.72,0.02411252448440748,0.03307951119547528,0.03395351106681297,0.03460213170502043,0.03460580248313481
0.73,0.03067916987275373,0.04066527002860093,0.04129287856257324,0.04191615575100267,0.04192056521913985
0.74,0.03677340509841517,0.0478147887732087,0.04819665275952308,0.04879073078653889,0.04879599126007315
0.75,0.04238827980808486,0.05451849148454389,0.05465738284092594,0.05521859507718064,0.05522483168692621
0.76,0.04752086866319045,0.06077082246230008,0.06067146436930444,0.06119635111648374,0.06120370235117097
0.77,0.05217193474240518,0.06656990817882601,0.06623879850531325,0.06672412116944897,0.06673273928921036
0.78,0.05634558574931459,0.07191721431561492,0.0713624487007405,0.07180520009035177,0.07181525138791396
0.79,0.06004892972224913,0.07681720246721983,0.07604829913826887,0.07644570984763879,0.07645737473533996
0.8,0.06329173508356761,0.08127699069207406,0.0803047187707816,0.08065425979089363,0.08066773269357456
0.8100000000000001,0.0660860986174014,0.08530602167646162,0.08414223437704703,0.08444161626646784,0.08445710530326415
0.8200000000000001,0.06844612453887404,0.08891574183960928,0.08757321560893615,0.08782038473833695,0.0878381111799902
0.8300000000000001,0.07038761737880091,0.09211929425240606,0.0906115745675104,0.09080470710656544,0.09082490459938014
0.84,0.07192779110149305,0.09493122777814397,0.09327248201819094,0.09340997644632083,0.09343288999887263
0.85,0.07308499577568513,0.09736722437847169,0.09557210194414695,0.09565257092269981,0.09567845565715274
0.86,0.07387846334602539,0.09944384606894781,0.09752734574528704,0.09754960817878272,0.09757872785444532
0.87,0.07432807510331624,0.1011783025631868,0.09915564701949744,0.09911872105269336,0.0991513463755067
0.88,0.07445414907149731,0.1025882402188967,0.1004747575136391,0.1003778550603426,0.1004142617977693
0.89,0.07427724848031041,0.1036915524990065,0.1015025645040266,0.1013450876898583,0.1013855546160145
0.9,0.0738180112439349,0.104506211791531,0.1022569295590789,0.1020384691957421,0.1020832758961837
0.91,0.07309699999953263,0.1050501220971916,0.1027555483499899,0.1024758842600889,0.1025253088290886
0.92,0.07213457198465759,0.1053409917977191,0.1030158309082332,0.1026749336076015,0.1027292502727828
0.93,0.0709507677957503,0.1053962254627381,0.1030548014813965,0.1026528344230311,0.102712311132555
0.9400000000000001,0.06956521767670514,0.1052328334411909,0.1028890169120448,0.1024263382255834,0.1024912342314644
0.9500000000000001,0.06799706455987617,0.1048673578153015,0.1025345022589124,0.1020116647053336,0.1020822281726182
0.96,0.06626490237833457,0.1043158131712615,0.1020067021976806,0.1014244499213367,0.1015009155868804
0.97,0.06438672709903752,0.1035936405605349,0.1013204465821144,0.1006797071991323,0.100762294095284
0.98,0.06237989995609246,0.1027156729873617,0.1004899284178555,0.09979179904452934,0.0998807082925277
0.99,0.06026112107346795,0.1016961107596285,0.09952869240354265,0.09877441840869707,0.09886983107387678
1,0.0580464119411848,0.1005485050788031,0.09844963212918027,0.09764057769314265,0.09774265267984106
1.01,0.05575110526673326,0.0992857483167722,0.09726499399166889,0.09640260396870891,0.09651147591714079
1.02,0.05338984080451929,0.09792006952915863,0.09598638589303093,0.0950721389958482,0.09518791612697113
1.03,0.05097656586673962,0.09646303388177307,0.09462478882889756,0.09366014276962152,0.09378290460775039
1.04,0.04852453922492098,0.09492554481455884,0.09319056955447162,0.09217689946746109,0.0923066943548453
1.05,0.04604633792117879,0.09331784793094192,0.09169349263607149,0.09063202484548463,0.09076886714927557
1.06,0.04355386523665573,0.09164953577497187,0.09014273036622525,0.08903447430542312,0.08917834120598568
1.07,0.04105835945189437,0.08992955283901485,0.08854686925216555,0.08739255103385596,0.08754337877551886
1.08,0.03857040298634315,0.08816620032641444,0.0869139121001658,0.08571391379387985,0.08587159327553878
1.09,0.03609993133249801,0.08636714037167899,0.08525127513000438,0.0840055841220264,0.0841699557064531
1.1,0.03365624147851055,0.08453939959115862,0.08356578007445446,0.08227395284624466,0.08244480027421143
1.11,0.03124799964692439,0.08268937199599623,0.08186364183032492,0.08052478599039284,0.08070182929916511
1.12,0.02888324829932472,0.08082282144271977,0.08015045286858782,0.07876323026381264,0.0789461176297168
1.13,0.02656941249280657,0.07894488392250025,0.07843116616520196,0.076993818448712,0.07718211690021663
1.14,0.02431330595359801,0.0770600700951376,0.0767100787273064,0.07522047509127135,0.0754136600722797
1.15,0.02212113605151414,0.07517226855678161,0.07499081772165694,0.07344652297325528,0.07364396677556448
1.16,0.01999850938130492,0.07328475038995894,0.07327633071944589,0.07167469088875549,0.07187565001720977
1.17,0.01795043765171197,0.07140017558005882,0.07156888077490529,0.06990712327540369,0.07011072485796012
1.18,0.01598134414480981,0.06952060189429828,0.06987004624015987,0.06814539225130598,0.06835061965799465
1.19,0.01409507117963156,0.06764749680789184,0.06818072473273272,0.06639051258926841,0.06659619047706684
1.2,0.01229488891982204,0.0657817530287669,0.06650114075245915,0.0646429601197745,0.06484773917318992
1.21,0.01058350583989027,0.06392370811851651,0.06483085708209609,0.06290269399589209,0.06310503568340277
1.22,0.008963081126685457,0.06207316863510607,0.06316879103556924,0.06116918317875802,0.06136734489142123
1.23,0.00743523944823692,0.06022943913478073,0.06151323744760132,0.05944143741429944,0.05963345839247448
1.24,0.00600108823346085,0.05839135626886556,0.05986190069522151,0.05771804287294011,0.05790173135830166
1.25,0.00466123552932513,0.05655732809882903,0.05821193786265642,0.05599720251706419,0.05617012458800541
1.26,0.003415812584121137,0.05472537863282183,0.05656001447667316,0.05427678114850371,0.05443625170636544
1.27,0.002264498230737834,0.0528931974619741,0.05490237326042676,0.05255435497277951,0.05269743134342016
1.28,0.001206545517660251,0.05105819424814019,0.05323491532584793,0.0508272654001148,0.05095074400075339
1.29,0.0002408105250714042,0.04921755768958352,0.05155329234194048,0.04909267668654992,0.04919309318410043
1.3,-0.0006342168619124773,0.04736831847013236,0.04985300758390652,0.04734763690265276,0.04742127026138267
1.31,-0.001420380506881782,0.04550741558364654,0.04812952340375159,0.0455891416018619,0.04563202239307624
1.32,-0.002119824235166275,0.04363176532146876,0.04637837252615604,0.04381419944484335,0.0438221227800176
1.33,-0.002734956436227062,0.04173833211848373,0.04459527059470265,0.04201989892000617,0.04198844238507795
1.34,-0.003268415035701586,0.03982420037509939,0.04277622750042926,0.04020347518417833,0.04012802221095618
1.35,-0.003723033792781048,0.03788664630957263,0.04091765515430657,0.03836237593581452,0.03823814515877005
1.36,-0.004101805750810498,0.03592320884829904,0.0390164694706391,0.03649432513624754,0.03631640645199639
1.37,-0.004407848731137905,0.0339317585316733,0.03707018438233581,0.03459738333202372,0.03436078158885075
1.38,-0.00464437200153852,0.03191056339964893,0.03507699571139524,0.03267000333518024,0.0323696907837502
1.39,-0.00481464448666976,0.02985835082552601,0.03303585271382659,0.0307110801347594,0.03034205887539168
1.4,-0.004921964890959925,0.02777436429046671,0.03094651522637376,0.02871999420068737,0.02827736971512269
1.41,-0.004969634065780697,0.02565841413826455,0.02880959478245005,0.02669664784873142,0.02617571410404732
1.42,-0.004960929903244043,0.02351092142161438,0.02662657913214935,0.02464149500995524,0.02403783042023095
1.43,-0.00489908364616641,0.02133295404546429,0.02439984147987457,0.02255556527860915,0.02186513716697331
1.44,-0.004787262604497571,0.0191262545230549,0.02213263803565348,0.02044048303413475,0.01965975677863888
1.45,-0.004628554361254696,0.01689325877806559,0.01982909852343366,0.01829848189014151,0.01742453013972197
1.46,-0.004425952160868903,0.01463710554760536,0.0174942113442226,0.01613241466592451,0.01516302140440522
1.47,-0.004182344736021018,0.01236163606688763,0.01513379663345452,0.0139457593680287,0.01287951284548272
1.48,-0.003900509150376714,0.01007138385107976,0.0127544499542146,0.01174262068948884,0.01057898961107036
1.49,-0.003583106514383055,0.00777155453459397,0.01036343443829285,0.009527724534638468,0.008267114422592611
1.5,-0.003232680369542477,0.005467995881345655,0.00796850259656004,0.007306402409568681,0.005950192405593112
1.51,-0.002851657478544287,0.003167158237178417,0.005577635869315082,0.005084563749826442,0.003635126403440392
1.52,-0.002442350592371728,0.0008760458533609535,0.003198715061236416,0.002868655310445287,0.001329363280155358
1.53,-0.002006961544655426,-0.001397840336070796,0.0008392514495017938,0.0006656040909389264,-0.0009591681301005658
1.54,-0.001547590667683837,-0.003646567753543171,-0.001493494682051103,-0.001517273455946517,-0.003222126625762671
1.55,-0.001066242452013644,-0.005861844166609672,-0.003791891455979611,-0.003672424997013979,-0.005450834858354322
1.56,-0.000564831945475624,-0.008035095632308526,-0.006047398297070676,-0.00579214166993613,-0.00763636111569278
1.57,-4.519194504497032e-05,-0.01015754929029078,-0.00825057411163097,-0.007868334139829181,-0.00976960550752767
1.58,0.0004909203320157391,-0.01222031980128887,-0.01039140853703757,-0.009892398015087267,-0.0118413893051224
1.59,0.001041817574999663,-0.01421449815131549,-0.01245968980778874,-0.01185548978065602,-0.01384254611793851
1.6,0.00160587816739956,-0.01613124148783412,-0.01444530118082399,-0.01374905713176351,-0.01576401354272771
1.61,0.002181543873345762,-0.01796186262236745,-0.01633843397195132,-0.01556510451063257,-0.01759692389522104
1.62,0.002767320132945539,-0.01969791782447964,-0.018129735935781,-0.01729550541386631,-0.01933269263282332
1.63,0.003361779515057352,-0.02133129154565227,-0.01981041476376301,-0.01893186794627907,-0.02096310309869281
1.64,0.003963564308104381,-0.02285427674868269,-0.02137230977551309,-0.02046599459345847,-0.02248038626421972
1.65,0.004571397099041999,-0.02425964957861063,-0.0228079395209944,-0.02189012187562633,-0.0238772942169193
1.66,0.005184093256500687,-0.02554073719302416,-0.02411053086343728,-0.02319700579267261,-0.02514716623449201
1.67,0.005800576547800494,-0.02669147767158729,-0.02527403521765829,-0.02437996463300479,-0.02628398640128958
1.68,0.006419898218545453,-0.02770647104597592,-0.02629313817465793,-0.02543288719392371,-0.02728243185939763
1.69,0.007041259453380164,-0.02858102063247309,-0.02716326838024308,-0.02635019161219091,-0.02813791094098883
1.7,0.007664037044334439,-0.0293111640098346,-0.02788060983193842,-0.02712675752874807,-0.02884659059891491
1.71,0.008287811999563452,-0.0298936931629175,-0.0284421188605393,-0.02775790477823633,-0.02940541273575672
1.72,0.008912401247083271,-0.03032616350405686,-0.02884554331599836,-0.02823947894490249,-0.02981209922479859
1.73,0.009537890980078274,-0.0306068916844234,-0.02908943781213142,-0.0285680211793274,-0.0300651456160418
1.74,0.01016466962695968,-0.03073494231143838,-0.02917316720987938,-0.0287409149004889,-0.03016380372274943
1.75,0.01079346513327118,-0.03071010389088174,-0.02909689260570167,-0.028756410814696,-0.03010805348520025
1.76,0.01142538114741097,-0.03053285450962018,-0.02886153916224194,-0.02861354663659663,-0.02989856470484596
1.77,0.01206193266718074,-0.03020431796346368,-0.02846874935026865,-0.02831204082108733,-0.02953664942942966
1.78,0.01270508041002414,-0.02972621121155777,-0.02792082539706169,-0.0278522078409696,-0.02902420594465629
1.79,0.01335726306164167,-0.0291007842009862,-0.02722066229749323,-0.02723489915662701,-0.02836365548654024
1.8,0.0140214265327523,-0.02833075325002604,-0.0263716714892321,-0.02646145873555137,-0.02755787292788476
1.81,0.01470104934464297,-0.02741922930282157,-0.02537769619948587,-0.02553368387363815,-0.02661011280863051
1.82,0.01540016448470355,-0.02636964246935374,-0.02424292011894216,-0.02445378685964436,-0.02552393217125505
1.83,0.01612337329332813,-0.02518566433997486,-0.0229717703731849,-0.023224355903827,-0.02430311172614664
1.84,0.01687585258730883,-0.02387112961128493,-0.02156881623224462,-0.02184831467527556,-0.02295157690679015
1.85,0.01766335754953936,-0.02242995857845207,-0.02003866925068765,-0.02032887957975809,-0.02147332037908657
1.86,0.01849221545540012,-0.02086608203702575,-0.01838589721111858,-0.01866951341614067,-0.01987232754335757
1.87,0.01936931104738293,-0.0191833700947389,-0.01661496793569606,-0.01687387460523986,-0.01815250651087039
1.88,0.02030206310022058,-0.01738556632102679,-0.01473023430953851,-0.01494576474577388,-0.01631762395050252
1.89,0.02129839184293965,-0.01547622855994188,-0.01273595876052734,-0.01288908446227146,-0.01437124808651313
1.9,0.02236667704241786,-0.01345867760267228,-0.01063636143246455,-0.01070781379607723,-0.0123166999871877
1.91,0.02351570680644221,-0.01133595476111206,-0.008435670640564873,-0.008406029602497192,-0.01015701411903413
1.92,0.02475462010794847,-0.009110789207036599,-0.006138159070984367,-0.005987952915818059,-0.007894908955517954
1.93,0.02609283189995006,-0.006785575745707388,-0.003748158447743398,-0.003457980082249052,-0.005532768226027312
1.94,0.02753995513357379,-0.004362363482109155,-0.001270052507541751,-0.0008206121904810034,-0.003072633174307943
1.95,0.02910571638949829,-0.00184285561652344,0.001291748029907505,0.001919725719370065,-0.0005162059700499221
1.96,0.03079986269842735,0.0007715796219441689,0.003932842220801556,0.00475886734844548,0.002135135812774771
1.97,0.03263206212259928,0.003479887125616762,0.006648879249070895,0.00769299070319639,0.004880313967431919
1.98,0.03461179916804984,0.006281292592198742,0.009435594725670012,0.01071856348661896,0.007718514217393845
1.99,0.03674826623135382,0.009175260413523647,0.01228883912539146,0.01383224359943909,0.01064914132837204
2,0.03905025240272655,0.01216144264982267,0.01520460003479494,0.01703079642600461,0.01367176572853309
2.01,0.0415260318935687,0.01523962016332063,0.01817902363074094,0.02031102052132406,0.01678606277975153
2.02,0.04418325645139495,0.01840963715706031,0.02120844032754244,0.02366967440740307,0.01999174600381926
2.03,0.04702883325887023,0.02167133051193859,0.02428939487834993,0.02710340836609028,0.02328849570312477
2.04,0.05006882260880873,0.02502445543350046,0.02741867489914164,0.03060870579797204,0.02667588452214089
2.05,0.05330833767858061,0.02846860900791566,0.03059332739622437,0.03418183587265934,0.03015330157154152
2.06,0.05675144932329369,0.03200315332213537,0.03381065308704399,0.03781881741440779,0.03371987677936671
2.07,0.06040109891615027,0.03562713982610656,0.03706817319258262,0.04151539316662346,0.03737440714213957
2.08,0.06425902064888321,0.0393392366051237,0.04036357046419083,0.04526701284790712,0.04111528652258319
2.09,0.06832567459469012,0.04313766018760443,0.04369461222557783,0.04906882268327178,0.04494044058029054
2.1,0.07260019169927401,0.04702011343730736,0.047059066122606,0.05291565892530867,0.04884726832799163
2.11,0.07708033452729773,0.05098373096826411,0.05045461895743502,0.05680204368731837,0.05283259168076213
2.12,0.08176247112738322,0.0550250333763614,0.053878806586992,0.06072218298926781,0.0568926142114075
2.13,0.08664154575638926,0.0591398914063323,0.05732895977658967,0.06466996857917862,0.06102289014445911
2.14,0.0917110892474923,0.06332350097294055,0.06080216810033082,0.06863898614245756,0.06521830441845437
2.15,0.09696323573256817,0.06757036973621208,0.06429526190759917,0.07262253260308862,0.06947306442445805
2.16,0.1023887534197816,0.07187431569869812,0.06780481106598452,0.0766136444107077,0.07378070379326233
2.17,0.1079770899078824,0.07622847805185892,0.07132713848437705,0.08060513734111062,0.07813409835891853
2.18,0.113716431486876,0.08062534025260529,0.07485834610603054,0.0845896568664988,0.08252549417696077
2.19,0.1195937756426776,0.08505676506348595,0.0783943509599533,0.08855973695178709,0.08694654722748045
2.2,0.1255950157621036,0.08951404104558575,0.08193092884438805,0.09250786439391367,0.09138837419060007
2.21,0.1317050428111699,0.09398793975650076,0.08546376321789255,0.09642654555329654,0.0958416134501285
2.22,0.1379078447760541,0.09846878268209384,0.08898849686720339,0.1003083724533948,0.1002964952649614
2.23,0.1441866093283921,0.1029465167243784,0.09250078392272063,0.1041460856602087,0.104742919851493
2.24,0.1505238543899478,0.1074107968837306,0.09599633985290318,0.1079326320131399,0.109170541947799
2.25,0.1569015525592404,0.1118510746150202,0.09947098726484224,0.1116612160465872,0.1135688602855181
2.26,0.1633012580747453,0.1162566902078931,0.1029206957444516,0.1153253446496767,0.1179273102805825
2.27,0.1697042345012138,0.1206169674439274,0.1063416146144279,0.1189188649846571,0.1222353581723137
2.28,0.1760915812274819,0.1249213087196843,0.1097300982996274,0.1224359958185802,0.1264825947929308
2.29,0.1824443568978631,0.1291592887964118,0.1130827247778025,0.1258713522536457,0.1306588271375669
2.3,0.188743698095508,0.1333207453445571,0.1163963081006659,0.129219963534098,0.1347541659290479
2.31,0.1949709401014781,0.1373958644946245,0.1196679059889505,0.132477283379634,0.138759107430827
2.32,0.2011077044039789,0.1413752596843952,0.1228948230057526,0.1356391923087522,0.1426646078557128
2.33,0.2071359938153382,0.145250042205077,0.1260746089833433,0.1387019917003319,0.1464621488444563
2.34,0.2130382833459231,0.1490118819937689,0.1292050515441117,0.1416623897759203,0.1501437926459816
2.35,0.2187975919646221,0.1526530573942162,0.1322841610223379,0.1445174800277053,0.1537022258158147
2.36,0.2243975417934867,0.1561664928092834,0.1353101460198082,0.1472647126108182,0.1571307904593648
2.37,0.2298224042265296,0.1595457833928768,0.1382813781972223,0.1499018587540647,0.1604235022768682
2.38,0.2350571327218055,0.1627852061723765,0.1411963455734684,0.1524269675416564,0.1635750549145035
2.39,0.2400873822798719,0.1658797172500147,0.1440535943969041,0.1548383140433048,0.1665808103856707
2.4,0.2448995168231226,0.1688249349986402,0.1468516604116366,0.1571343383357345,0.1694367755944589
2.41,0.2494806104138698,0.1716171094389045,0.149588990962454,0.1593135765955839,0.1721395652642677
2.42,0.2538184101990711,0.1742530782564273,0.1522638598071711,0.1613745874115303,0.1746863518442827
2.43,0.257901316407569,0.1767302101842665,0.1548742767162367,0.1633158773959568,0.1770748032302604
2.44,0.261718347977948,0.1790463367336006,0.1574178939544857,0.1651358290819361,0.1793030093890473
2.45,0.2652590965119888,0.1811996734996311,0.1598919116111351,0.166832631494111,0.1813693992144569
2.46,0.2685136737534476,0.1831887324962335,0.1622929835565284,0.168404211674766,0.18327264916087
2.47,0.2714726543257953,0.1850122271781165,0.1646171256604115,0.1698481656167835,0.1850115853967428
2.48,0.2741270155674386,0.1866689719895069,0.1668596279035949,0.1711616893682877,0.1865850813893544
2.49,0.2764680763741544,0.1881577784304782,0.169014972212743,0.1723415137102504,0.187991952971284
2.5,0.2784874390662282,0.1894773497531011,0.1710767582421618,0.1733838470515626,0.189230853045684
2.51,0.280176934822722,0.1906261764870649,0.173037639831454,0.1742843306798098,0.190300168159144
2.52,0.2815285561148233,0.1916024350463179,0.1748892753219773,0.1750380089974076,0.1911979192057681
2.53,0.2825344209361943,0.1924038916828782,0.1766222951122882,0.1756393157642293,0.1919216685230009
2.54,0.2831867364709201,0.1930278140303376,0.1782262895781523,0.1760820760751801,0.1924684355978375
2.55,0.2834777715100127,0.1934708924171097,0.1796898196604435,0.1763595227094398,0.1928346235211998
2.56,0.2833998402775741,0.193729173028177,0.1810004510555803,0.1764643242865186,0.1930159582089797
2.57,0.2829452989049125,0.1937980048546447,0.1821448112122526,0.1763886213509971,0.1930074422514009
2.58,0.2821065555681539,0.1936720021939927,0.1831086665716567,0.1761240657536793,0.1928033250595941
2.59,0.2808760950600637,0.1933450242521108,0.1838770160840327,0.1756618595464692,0.1923970907519204
2.6,0.2792465215232245,0.1928101731536891,0.1844341963534131,0.1749927922095593,0.1917814649651836
2.61,0.2772106107843642,0.1920598113929575,0.184763994014306,0.1741072776723183,0.1909484414908548
2.62,0.2747613718870489,0.1910855994560989,0.1848497621024371,0.1729953942980188,0.1898893293276612
2.63,0.271892139686098,0.1898785540244326,0.1846745389732441,0.1716469386337316,0.1885948204137008
2.64,0.2685966735817376,0.1884291268287498,0.1842211702975829,0.170051529514519,0.1870550779581405
2.65,0.2648692692299329,0.1867273038756158,0.1834724363354737,0.1681988182940212,0.185259844940096
2.66,0.2607048822000994,0.1847627244118933,0.1824111876728121,0.1660787902321018,0.1831985719854143
2.67,0.2560992620806536,0.1825248186394084,0.1810204927301445,0.1636820206557931,0.1808605634770057
2.68,0.2510490952749728,0.1800029628430248,0.179283799679293,0.1609997926793089,0.1782351404061158
2.69,0.2455521545033595,0.1771866502573308,0.1771851141753198,0.1580241395899175,0.1753118181373755
2.7,0.2396074576242626,0.1740656756749617,0.1747091928460688,0.1547479038580268,0.1720804969444906
2.71,0.2332154157953582,0.1706303314984591,0.171841751062318,0.1511648382332366,0.1685316628821249
2.72,0.2263779875851208,0.1668716126631739,0.1685696823148244,0.1472697352206866,0.1646565962986185
2.73,0.2190988367318176,0.162781427616592,0.164881285604404,0.143058569315508,0.1604475850679448
2.74,0.2113834788130489,0.1583528123347216,0.1607664965770499,0.1385286439200554,0.1558981394333858
2.75,0.2032394193609793,0.1535801441936329,0.1562171176520033,0.1336787393468426,0.1510032052129806
2.76,0.1946762806723671,0.1484593523977987,0.1512270420675993,0.128509258325703,0.1457593720221308
2.77,0.1857059146147041,0.1429881215993467,0.1457924666242083,0.1230223633210439,0.1401650731240172
2.78,0.1763424988265661,0.1371660853262663,0.1399120879824713,0.1172220987634149,0.134220773526216
2.79,0.1666026142796529,0.1309950058738769,0.1335872777177605,0.1111144924740122,0.1279291430028976
2.8,0.1565053072065892,0.1244789374034627,0.1268222319356864,0.1047076332369364,0.1212952108368901
2.81,0.1460721078245843,0.117624369134573,0.1196240920582004,0.09801172390000076,0.1143264992440248
2.82,0.135327041780989,0.1104403457121654,0.1120030342894754,0.09103911060817105,0.1070331326621726
2.83,0.1242966140450199,0.1029385620749992,0.1039723261427832,0.08380428886792092,0.09942792035685842
2.84,0.113009761647991,0.09513343044478331,0.09554834914702387,0.07632388654128619,0.09152641011124703
2.85,0.1014977778399798,0.08704211739312974,0.08675058738417035,0.06861662292428393,0.08334691112663503
2.86,0.0897942072607074,0.07868454932099631,0.07760158181007099,0.06070324206404683,0.07491048465542163
2.87,0.07793471212670959,0.07008338509788516,0.06812685039948478,0.0526064178408479,0.06624090131690141
2.88,0.0659569098534204,0.06126395504957359,0.05835477410167125,0.04435062861952697,0.05736456450025474
2.89,0.05390018470848792,0.05225416594710783,0.04831644853076476,0.03596200066086928,0.04831039973336963
2.9,0.04180547638391217,0.04308437212933509,0.03804550145704193,0.0274681215215639,0.03910971038240008
2.91,0.029715020720344,0.03378721337919098,0.02757787677827797,0.01889782720819366,0.02979600053890873
2.92,0.01767209534334101,0.02439742066318314,0.01695158698051068,0.01028097259329942,0.02040476644099989
2.93,0.005720737291277755,0.01495159132694607,0.006206438241364877,0.001648210801113933,0.0109732582545683
2.94,-0.006094558695040764,0.005487935810277305,-0.004616264891400822,-0.006969160455554115,0.001540214503268964
2.95,-0.01772915619617932,-0.003954001604047064,-0.01547402539414598,-0.01553919919509973,-0.007854428126704126
2.96,-0.02913860404014403,-0.01333364506925031,-0.02632345805820971,-0.02402912811557081,-0.01716984647513069
2.97,-0.04027897048097065,-0.02260970915280718,-0.03712057907984409,-0.03240510043466391,-0.02636466059082531
2.98,-0.05110718078988343,-0.03174053683743738,-0.04782106902223655,-0.04063224318628548,-0.03539727758838915
2.99,-0.06158135016680837,-0.0406844495712884,-0.05838050085322858,-0.04867515373653861,-0.04422624558648967
3,-0.07166111660113399,-0.04940010515560463,-0.06875453067686453,-0.05649865100631009,-0.05281061341972202
3.01,-0.08130798052743862,-0.05784685908304579,-0.0788990560969262,-0.06406844355401513,-0.06111029166033689
3.02,-0.09048560321081088,-0.06598512482694559,-0.08877035438450681,-0.07135156467413672,-0.06908641039350366
3.03,-0.09916010035606417,-0.07377672852741893,-0.09832521808683115,-0.07831662695552118,-0.07670166916289517
3.04,-0.1073003158433299,-0.08118525352432326,-0.1075211080931244,-0.08493399686451283,-0.08392067454404695
3.05,-0.114878071394368,-0.08817637025241641,-0.1163163428710345,-0.09117595022961633,-0.09071026091085671
3.06,-0.1218683888526785,-0.09471814714659103,-0.1246703377481943,-0.09701682772018209,-0.09703979013632835
3.07,-0.1282496820821478,-0.1007813384068021,-0.1325439004571926,-0.1024331890843124,-0.1028814262097143
3.08,-0.1340039158597624,-0.1063396447431867,-0.1398995798617413,-0.1074039592084173,-0.1082103810564891
3.09,-0.1391167229281371,-0.1113699435575453,-0.1467020554005597,-0.1119105592700744,-0.1130051282112164
3.1,-0.1435775002099435,-0.11585248541238,-0.1529185470916761,-0.1159370180407544,-0.1172475814119247
3.11,-0.1473794632783394,-0.1197710540854567,-0.1585192214874951,-0.1194700603056277,-0.120923235652125
3.12,-0.150519645826716,-0.1231130879991653,-0.1634775685808529,-0.1224991710822236,-0.1240212687371106
3.13,-0.1529988699828344,-0.1258697613420315,-0.1677707281062718,-0.1250166357627026,-0.1265346019367166
3.14,-0.154821677741244,-0.1280360237579782,-0.1713797497860109,-0.1270175573231394,-0.1284599188999964
3.15,-0.1559962243525421,-0.1296105980596018,-0.1742897791992577,-0.1284998520672451,-0.1297976425891583
3.16,-0.1565341350536034,-0.1305959360174624,-0.1764901675900771,-0.1294642247752703,-0.1305518705917511
3.17,-0.1564503270434967,-0.1309981328792062,-0.177974509095805,-0.1299141227304936,-0.1307302697718278
3.18,-0.1557627988623211,-0.1308268018707479,-0.1787406122366957,-0.1298556665702704,-0.1303439318136049
3.19,-0.1544923839268323,-0.1300949105164311,-0.1787904142242454,-0.1292975552844931,-0.1294071917846058
3.2,-0.1526624989282121,-0.1288185811761804,-0.1781298471370796,-0.1282509436107042,-0.1279374123904466
3.21,-0.1502988513119204,-0.1270168587255576,-0.1767686647285002,-0.1267292921649805,-0.1259547371007744
3.22,-0.1474291274606027,-0.1247114487906385,-0.1747202379193934,-0.1247481927588224,-0.1234818157871955
3.23,-0.1440826715516565,-0.1219264303858393,-0.1720013261062671,-0.1223251725891552,-0.1205435069203549
3.24,-0.1402901546612524,-0.1186879471816094,-0.1686318303728687,-0.1194794812458838,-0.1171665607183874
3.25,-0.1360832387230702,-0.1150238819432219,-0.1646345335659318,-0.1162318642519385,-0.113379287915603
3.26,-0.1314942400148966,-0.110963518924803,-0.1600348310050413,-0.1126043267898021,-0.1092112190235782
3.27,-0.1265557968376572,-0.106537199167974,-0.1548604544090226,-0.1086198915754548,-0.1046927590830697
3.28,-0.1213005452195024,-0.1017759737376433,-0.1491411905715185,-0.1043023550155303,-0.09985484295052716
3.29,-0.1157608053112218,-0.09671125992667737,-0.1429085955990156,-0.09967604521408795,-0.09472859612742421
3.3,-0.1099682992307044,-0.09137450537786146,-0.1361957053340449,-0.09476558405753352,-0.08934500602322216
3.31,-0.103953873216761,-0.08579686490992076,-0.129036743044346,-0.08959565432366694,-0.08373460834514322
3.32,-0.09774724933812103,-0.08000889459853799,-0.1214668265263806,-0.08419077306359968,-0.07792719303331162
3.33,-0.09137680677260072,-0.07404026735721682,-0.1135216782150534,-0.07857507573980357,-0.07195153381221916
3.34,-0.08486939365757748,-0.06791951388944577,-0.1052373433224802,-0.07277212108648644,-0.06583514501453756
3.35,-0.07825017163220961,-0.06167379244623471,-0.09664992201357804,-0.06680473049946888,-0.05960406885806214
3.36,-0.07154249463780986,-0.05532869032760469,-0.08779532182831751,-0.06069487313994584,-0.05328269582890617
3.37,-0.06476782296195195,-0.04890805952075577,-0.07870903585489757,-0.05446359836102834,-0.04689362025307004
3.38,-0.05794567202873009,-0.04243388828135354,-0.06942595067400473,-0.04813100664245853,-0.04045753253393509
3.39,-0.05109359736804755,-0.0359262098482734,-0.05998018616712578,-0.04171624589717735,-0.03399314890558765
3.4,-0.04422721887861748,-0.02940304884751791,-0.05040496733687562,-0.03523752094681466,-0.02751717891216932
3.41,-0.03736026979404418,-0.02288040529887755,-0.04073252670025033,-0.02871210368639731,-0.02104433018274941
3.42,-0.03050468065380189,-0.01637227550050765,-0.03099403480571133,-0.02215633204656343,-0.01458734944071261
3.43,-0.02367069231745849,-0.00989070844323716,-0.02121955601654879,-0.01558559537432582,-0.008157098077701808
3.44,-0.01686699476202124,-0.003445895809465287,-0.01143802675925187,-0.009014316391364807,-0.001762660045015144
3.45,-0.01010088828131186,0.002953706947797588,-0.001677253736025696,-0.0024559430476908,0.004588520719530519
3.46,-0.003378463345983917,0.009301231461625075,0.008036070074848908,0.004077041851388755,0.01089047659473812
3.47,0.003295204908434609,0.01559122271392747,0.01767633362306438,0.010573091220968,0.01713852999811993
3.48,0.009915852203743138,0.02181944456453671,0.02721896222947919,0.01702154520563671,0.02332908857235802
3.49,0.01647981348529471,0.02798266872628745,0.03664036058318127,0.0234125653266432,0.02945942616448597
3.5,0.02298381019542935,0.03407845160984472,0.04591784706635917,0.0297370539809273,0.03552745413133539
3.51,0.02942474177267769,0.04010490362688409,0.05502958269105611,0.03598656306796572,0.04153148762830641
3.52,0.03579948320472876,0.04606045562349494,0.06395449830560186,0.04215319484766499,0.04747001157901141
3.53,0.04210469387801404,0.05194362711561214,0.0726722237727865,0.04822949407629467,0.05334145098015116
3.54,0.04833664158374078,0.05775280091528957,0.08116302244883906,0.05420832539824026,0.0591439500704464
3.55,0.05449104519320912,0.06348600857220053,0.08940773361964797,0.06008273178021421,0.0648751646869558
3.56,0.06056293911219737,0.06914073081238568,0.09738772487792874,0.06584578281159509,0.07053207185101261
3.57,0.06654656215557073,0.07471371684090612,0.1050848560335399,0.07149043492713555,0.07611080027463157
3.58,0.07243527226356537,0.08020082599280247,0.1124814560673228,0.07700942332073879,0.08160648506282046
3.59,0.07822149112284614,0.08559689477498261,0.1195603146099904,0.08239519035912218,0.08701314941632904
3.6,0.08389667731941186,0.0908956318483938,0.1263046891469764,0.08763984386386839,0.09232361562075242
3.61,0.08945132822041964,0.09608954296410024,0.1326983285408878,0.09273513735983777,0.09752944705191186
3.62,0.09487501173103936,0.1011698872982385,0.1387255127198849,0.09767246802644861,0.1026209223438903
3.63,0.1001564267164317,0.1061266660394811,0.1443711077761405,0.1024428909007888,0.1075870422649899
3.64,0.105283490746852,0.1109486434792931,0.1496206353955968,0.1070371483745512,0.1124155692407141
3.65,0.1102434532791892,0.1156234002511959,0.1544603554590152,0.1114457132084286,0.1170930988601746
3.66,0.1150230318834741,0.1201374177718003,0.1588773606629309,0.1156588426308538,0.1216051621163577
3.67,0.1196085684882556,0.1244761923645136,0.1628596819237195,0.1196666415671257,0.1259363565693969
3.68,0.1239862011512942,0.1286243770067916,0.1663964029764922,0.1234591346329032,0.1300705040975844
3.69,0.1281420546064711,0.1325659481426896,0.1694777818552205,0.1270263481148842,0.1339908324205534
3.7,0.1320624352889657,0.1362843945522338,0.172095375885929,0.1303584033609378,0.1376801771522349
3.71,0.135734032469492,0.1397629248752747,0.174242165727543,0.1334456215116857,0.1411212007748905
3.72,0.1391441215242598,0.1429846900564114,0.1759126733935461,0.1362786375117537,0.1442966246259202
3.73,0.1422807645284909,0.1459330167149021,0.1771030697153309,0.1388485202145689,0.1471894697607129
3.74,0.1451330041193871,0.1485916472535764,0.1778112686972181,0.1411468952938606,0.1497833024016134
3.75,0.1476910467233531,0.1509449824063911,0.1780370091523149,0.1431660677419701,0.1520624796074608
3.76,0.1499464314690369,0.152978321887125,0.1777819263133721,0.144899140453769,0.1540123907996561
3.77,0.1518921807464843,0.1546780988413852,0.1770496159043165,0.146340125342385,0.1556196908606248
3.78,0.1535229295870885,0.1560321039197944,0.1758456899481528,0.1474840445349727,0.1568725206744473
3.79,0.1548350379069849,0.1570296949790629,0.1741778192868458,0.1483270213234923,0.1577607112065021
3.8,0.1558266693640293,0.1576619886760336,0.1720557554404523,0.1488663622988497,0.1582759675119616
3.81,0.1564978457445725,0.157922030542514,0.169491325610379,0.1491006321474231,0.1584120294183787
3.82,0.1568504736840934,0.1578049405096538,0.1664983982925154,0.1490297209510179,0.1581648060364801
3.83,0.1568883428267639,0.1573080312822636,0.1630928207717869,0.1486549016540786,0.15753248170949
3.84,0.1566170954900432,0.1564308974376307,0.1592923320622928,0.1479788738158059,0.1565155915053574
3.85,0.1560441684592961,0.1551754736311505,0.1551164554054159,0.1470057893424319,0.1551170648792867
3.86,0.1551787080787312,0.1535460608234836,0.1505863739068956,0.1457412564467531,0.1533422366762472
3.87,0.1540314589667094,0.1515493199907705,0.1457247920463889,0.1441923192043276,0.1511988251959394
3.88,0.1526146319716543,0.1491942333305038,0.1405557850779507,0.1423674114093204,0.1486968775940474
3.89,0.1509417548271798,0.146492033519994,0.1351046378774683,0.1402762847896973,0.1458486834369931
3.9,0.1490274984113375,0.1434561021120524,0.1293976745247711,0.1379299129563071,0.1426686577502906
3.91,0.1468874920951225,0.1401018386550495,0.123462079738592,0.135340373690721,0.1391731953968345
3.92,0.1445381285589928,0.1364465025953265,0.1173257131553972,0.1325207132078103,0.1353804990811301
3.93,0.141996361630763,0.1325090304530773,0.111016917357189,0.1294847966740494,0.1313103836921337
3.94,0.1392795008697107,0.1283098311523438,0.1045643205461855,0.1262471493635596,0.1269840600639006
3.95,0.136405006628919,0.1238705627247004,0.09799663487922095,0.1228227923999705,0.1224239015451519
3.96,0.1333902892563886,0.1192138938875895,0.09134245173551514,0.1192270762865199,0.1176531970198024
3.97,0.1302525139746495,0.1143632542168531,0.08463003558446867,0.1154755146920637,0.1126958942095189
3.98,0.1270084219442023,0.1093425767857972,0.07788711859304817,0.1115836204607382,0.1075763372123478
3.99,0.1236741628691709,0.1041760372287728,0.07114069858430146,0.1075667455659857,0.1023190022881758
4,0.1202651413528107,0.09888779320626362,0.06441684333887766,0.1034399266167561,0.09694823589223485
4.01,0.1167958845148565,0.09350172820217717,0.05774050444295517,0.09921773744783131,0.09148799888319314
4.02,0.1132799305599827,0.08804120347441922,0.05113534388537163,0.09491415031242596,0.08596162069471171
4.03,0.1097297397538043,0.0825288218102726,0.04462357639617533,0.09054240734012411,0.08039156706200601
4.04,0.1061566287928792,0.07698620651232417,0.0382258301439106,0.08611490425799213,0.07479922464181828
4.05,0.1025707290750922,0.07143379876339427,0.03196102794190793,0.08164308876681617,0.06920470556052688
4.06,0.09898096877396956,0.06589067619529956,0.02584629062746718,0.07713737616787475,0.06362667457627585
4.07,0.09539507671279276,0.06037439512178437,0.01989686381971285,0.07260708462423751,0.05808220115288622
4.08,0.09181961478027863,0.0549008584964749,0.01412606883740572,0.0680603917482052,0.05258663832338652
4.09,0.08826002609221799,0.04948421122850345,0.008545278132484568,0.06350431316445876,0.04715352977554881
4.1,0.08472070306025485,0.04413676403818898,0.003163915110701201,0.05894470257114254,0.04179454612847947
4.11,0.08120507404215008,0.0388689465698499,-0.002010522379746257,0.05438627188725697,0.03651945089543436
4.12,0.07771570517787182,0.03368929000606258,-0.006972416309749278,0.0498326295136686,0.03133609615157729
4.13,0.07425441483024195,0.02860443895499795,-0.01171796264098474,0.04528633456913615,0.02625044745267261
4.14,0.07082239786502306,0.02361919191756444,-0.01624508821975939,0.04074896507889462,0.0212666370904019
4.15,0.06742035688042027,0.01873656919166284,-0.02055335360370357,0.0362211983206404,0.01638704432785614
4.16,0.06404863710658952,0.01395790664402676,-0.02464384504280863,0.03170290172769966,0.0116124008422797
4.17,0.06070736172742366,0.009282973382368435,-0.02851905842027694,0.02719323284607569,0.00694191921686421
4.18,0.05739656966249872,0.004710110998029282,-0.03218277720995518,0.0226907468508072,0.00237344197584774
4.19,0.05411634332702426,0.0002363917268000736,-0.03563994564175632,0.0181935101022069,-0.002096391648620038
4.2,0.05086693064604165,-0.004142207402225353,-0.038896537554444,0.01369921822465589,-0.006471964287856554
4.21,0.04764885768739305,-0.008430617589253111,-0.04195942108376933,0.009205317254530393,-0.01075848762443568
4.22,0.04446302933971473,-0.01263448179510558,-0.04483621948171181,0.004709126527525946,-0.01496180162885714
4.23,0.04131081612286151,-0.01675995224223326,-0.04753516892615994,0.0002079621115298352,-0.01908816937642551
4.24,0.03819412552873428,-0.02081348541440499,-0.0500649749655121,-0.0043007403355965,-0.02314407101669424
4.25,0.0351154566234913,-0.02480163809554918,-0.05243467000305359,-0.008819304471166311,-0.02713600045154897
4.26,0.03207793648625216,-0.02873086794296324,-0.05465347474688598,-0.01334969536276879,-0.0310702682040499
4.27,0.02908533899263889,-0.03260734198883651,-0.05673066670669814,-0.01789340656305374,-0.03495281382984965
4.28,0.02614208710537283,-0.03643675630801087,-0.05867545858398038,-0.02245135431018206,-0.03878903103865836
4.29,0.02325323329112321,-0.04022416988174436,-0.06049688883482365,-0.02702378119417072,-0.0425836084572844
4.3,0.02042442370168039,-0.04397385542996521,-0.06220372588806197,-0.03161017157528048,-0.0463403886827687
4.31,0.0176618454908442,-0.04768916968268615,-0.06380438659762545,-0.03620918078988758,-0.05006224794749006
4.32,0.01497215832062173,-0.05137244521957044,-0.06530686861625411,-0.04081857991038464,-0.05375099835425468
4.33,0.0123624114741162,-0.05502490563067603,-0.06671869561138909,-0.04543521773405126,-0.05740731424317407
4.34,0.009839948244877926,-0.05864660534633084,-0.06804687370837294,-0.05005500180010998,-0.06103068383086352
4.350000000000001,0.007412299491608044,-0.06223639505538813,-0.06929785733493754,-0.05467290031020208,-0.0646193868224833
4.36,0.005087067803400489,-0.06579191318422109,-0.07047752282230539,-0.05928296629801263,-0.06817049824628839
4.37,0.00287180663325032,-0.06930960345077795,-0.07159114870582495,-0.06387838371461076,-0.07167991830556104
4.38,0.0007738949285399818,-0.07278475804786746,-0.07264340259155617,-0.06845153233008708,-0.07514242759240806
4.39,-0.001199591654743967,-0.07621158555908072,-0.07363833554139892,-0.07299406562764298,-0.0785517665692204
4.4,-0.003042007982925113,-0.07958330228209071,-0.0745793859221397,-0.07749699499653241,-0.08190073780387623
4.41,-0.004747263700476312,-0.08289224523693367,-0.07546939528266144,-0.08195077569599114,-0.08518132905241273
4.42,-0.006309942170780385,-0.08613000477609994,-0.07631063884868193,-0.0863453946175346,-0.08838485492290672
4.43,-0.007725411852996709,-0.08928757438866716,-0.07710487257388619,-0.09067046450095556,-0.09150211453467606
4.44,-0.008989927994606305,-0.09235551500200408,-0.07785339745256101,-0.09491533140717441,-0.09452356231239793
4.45,-0.01010072270142506,-0.0953241308351859,-0.0785571402279681,-0.09906920066173115,-0.09743948883002354
4.46,-0.01105608217052504,-0.09818365365474489,-0.07921674805106622,-0.1031212818706515,-0.1002402084488412
4.47,-0.01185540707585847,-0.1009244321340015,-0.07983269336861699,-0.1070609481724438,-0.102916250380435
4.48,-0.0124992583275711,-0.1035371229271038,-0.08040538455625194,-0.1108779010042322,-0.105458549750529
4.49,-0.01298938564101623,-0.1060128800407664,-0.0809352776140049,-0.1145623305993842,-0.1078586352443685
4.5,-0.01332873759440717,-0.1083435391203116,-0.08142298451416058,-0.1181050639377938,-0.1101088099790335
4.51,-0.01352145315333664,-0.1105217933605358,-0.08186937435124632,-0.1214976947339058,-0.1122023223702055
4.52,-0.01357283449111176,-0.1125413579035261,-0.08227566410244165,-0.1247326931313698,-0.1141335239392767
4.53,-0.01348930123548793,-0.1143971197914473,-0.08264349643798281,-0.1278034956595883,-0.1158980112371178
4.54,-0.01327832657256149,-0.1160852707977903,-0.08297500258816315,-0.1307045788237357,-0.1174927493392366
4.55,-0.01294835599969217,-0.1176034207603309,-0.08327284880368523,-0.1334315220618629,-0.1189161746878848
4.56,-0.01250870987044505,-0.1189506893773613,-0.08354026547634759,-0.1359810660295385,-0.1201682754146462
4.57,-0.0119694695214684,-0.1201277747992154,-0.08378105851672996,-0.1383511689094679,-0.1212506476642989
4.58,-0.01134135145978322,-0.1211369977435185,-0.08399960306807501,-0.1405410582681475,-0.12216652685162
4.59,-0.01063556921930881,-0.1219823202780094,-0.08420082001537446,-0.1425512717585832,-0.1229207932083959
4.600000000000001,-0.009863685167252993,-0.1226693388417924,-0.08439013600919733,-0.1443836778490971,-0.1235199514114952
4.61,-0.009037454554574661,-0.1232052515070802,-0.08457342791166793,-0.1460414690143148,-0.1239720845160714
4.62,-0.008168664084471498,-0.1235987999109958,-0.08475695277344536,-0.1475291260256967,-0.1242867828438278
4.63,-0.007268967379523599,-0.1238601867033964,-0.08494726474481702,-0.1488523602948376,-0.1244750488861237
4.64,-0.006349719798544715,-0.124000969754672,-0.08515112073762393,-0.1500180451490483,-0.12454917967016
4.65,-0.005421815103136086,-0.1240339347402138,-0.08537537714351467,-0.1510341435896903,-0.1245226283956145
4.66,-0.004495526253152892,-0.1239729480597728,-0.08562688036861964,-0.1519096329180918,-0.1244098474735345
4.67,-0.003580353090195663,-0.1238327923547938,-0.08591235421952355,-0.1526544207869367,-0.124226115384531
4.68,-0.002684879460033005,-0.1236289871502071,-0.08623828713294097,-0.1532792455391609,-0.1239873500134659
4.69,-0.001816641345720704,-0.1233775973653868,-0.0866108218102285,-0.1537955560869579,-0.1237099113114685
4.7,-0.0009820083903649072,-0.1230950326085846,-0.08703564904419674,-0.1542153711514699,-0.1234103962788838
4.71,-0.0001860807159480618,-0.122797840287866,-0.08751790658999566,-0.1545511217106668,-0.1231054293543029
4.72,0.0005673972888322082,-0.1225024956380104,-0.08806208310479249,-0.1548154820807855,-0.1228114513343066
4.73,0.001276104784101562,-0.1222251917767592,-0.0886719267249607,-0.1550211944157119,-0.1225445099360318
4.74,0.001939192738706204,-0.1219816328665621,-0.08935035791772657,-0.1551808903905616,-0.1223200550518321
4.75,0.002557312183127364,-0.121786833371486,-0.09009938684414616,-0.1553069140317073,-0.1221527416342146
4.76,0.003132620946485085,-0.121654926266445,-0.0909200365122582,-0.1554111512249986,-0.1220562429929097
4.77,0.003668768189401104,-0.1215989828808445,-0.09181227437503535,-0.1555048732556981,-0.122043077087934
4.78,0.00417085935000989,-0.1216308468443335,-0.09277495658743655,-0.1555986021536636,-0.1221244481674087
4.79,0.004645399755268362,-0.1217609843529092,-0.09380579053131478,-0.1557020032088854,-0.1223101058315041
4.8,0.005100218084523587,-0.121998352692582,-0.09490132177624885,-0.1558238044247641,-0.1226082233096258
4.81,0.005544370670898351,-0.122350288650679,-0.09605695059384278,-0.1559717353442045,-0.1230252964219182
4.82,0.005988027900240545,-0.1228224181181216,-0.09726698018146536,-0.1561524717508527,-0.1235660643652102
4.83,0.006442344228193802,-0.1234185878476509,-0.09852469452684157,-0.1563715715868295,-0.1242334531226109
4.84,0.006919313586921556,-0.1241408199918137,-0.09982245978322123,-0.1566333929930336,-0.1250285419513047
4.850000000000001,0.007431613572401185,-0.1249892897064253,-0.1011518405523037,-0.1569409975965348,-0.1259505530607441
4.86,0.007992435383737197,-0.1259623257745104,-0.1025037222497252,-0.1572960578545939,-0.1269968642584907
4.87,0.008615307355374064,-0.127056433883889,-0.1038684324475036,-0.157698797234243,-0.1281630440186726
4.88,0.009313914157860405,-0.1282663418813323,-0.1052358568322964,-0.1581479841428902,-0.1294429081238182
4.89,0.01010191150369378,-0.1295850660312085,-0.1065955482089411,-0.1586409757887088,-0.1308285967476895
4.9,0.01099273988186518,-0.1310039970325552,-0.1079368291536201,-0.1591737878173289,-0.1323106705902821
4.91,0.01199943976919592,-0.1325130043009183,-0.1092488902346862,-0.1597411672987242,-0.1338782244475317
4.92,0.01313447071316514,-0.1341005568053395,-0.110520886237829,-0.1603366627459256,-0.1355190164022399
4.93,0.01440953659070229,-0.135753858569619,-0.1117420327672773,-0.1609526971779437,-0.1372196106590867
4.94,0.0158354194444099,-0.1374589968024096,-0.1129017051698026,-0.1615806522235268,-0.1389655319186888
4.95,0.0174218255357763,-0.1392011005125162,-0.1139895411141876,-0.1622109673071486,-0.140741429092486
4.96,0.01917723668437517,-0.1409645073930903,-0.1149955474613586,-0.1628332533451226,-0.1425312461033373
4.97,0.02110878199464524,-0.1427329367201996,-0.1159102113333896,-0.1634364174385103,-0.1443183974941146
4.98,0.02322212412898237,-0.1444896660063962,-0.1167246145548823,-0.1640087941606754,-0.1460859465789523
4.99,0.025521361055632,-0.1462177091773291,-0.1174305499056432,-0.164538279805591,-0.1478167839157939
5,0.02800894508152148,-0.1478999940971379,-0.1180206369011283,-0.1650124676416039,-0.1494938039539461
