1.0,-9.806871985569494e-16,-2.036563327499896e-15,-1.725097661938732e-15,-8.416102962074603e-16,-1.1650491838084962e-15
1.0,2.3592239273284576e-16,7.760458942129844e-16,1.451616604697392e-15,1.1457501614131616e-15,1.2856382625159313e-15
1.0,-1.900701818158268e-15,5.095923683029468e-16,5.767608612927689e-16,2.6534330288541243e-16,4.75175454539567e-16
1.0,-2.3225865675158277e-15,7.505107646466058e-16,1.7041923427996152e-16,1.3961054534661343e-15,1.9856338795420926e-15
1.0,3.4028335704761047e-16,7.188694084447888e-16,-2.7200464103316337e-16,4.2577052994374753e-16,3.1863400806741994e-16
1.0,1.3711254354120684e-16,4.940492459581947e-16,7.882583474838611e-16,1.1085576900882187e-15,5.77871084317394e-16
1.0,6.189493362285248e-16,-1.6597834218146091e-16,2.0983215165415458e-16,6.211697822777751e-16,8.848477506262497e-16
1.0,4.996003610813204e-16,1.6947554470903015e-15,4.846123502488809e-16,9.2148511043888e-16,2.8976820942716584e-16
1.0,-1.3328227410625005e-15,-2.1038726316646717e-16,3.4916514124461173e-16,6.261657858885883e-16,6.428191312579656e-16
1.0,-2.647881913730998e-16,6.122879980807738e-16,8.321121569565548e-16,6.983302824892235e-16,1.0630385460785873e-15
1.0,-1.5154544286133387e-15,1.3489209749195653e-16,3.5860203695392556e-16,9.925393840148899e-16,1.3034018309099338e-15
1.0,3.3861802251067273e-16,1.3267165144270621e-16,1.2845280394913061e-15,1.0785816684233396e-15,9.769962616701378e-16
1.0,-9.603429163007604e-16,9.992007221626409e-16,2.188804693048496e-15,1.212363542890671e-15,1.1390888232654106e-15
1.0,-4.596878433460461e-15,7.815970093361102e-16,-5.8508753397745745e-16,-3.7247982476174e-16,-1.7713608357894373e-15
1.0,-2.716715741257758e-15,-0.8400000000000002,-8.759659664292485e-16,0.039999999999998835,-5.589972928987663e-16
1.0,-2.5501822875639844e-15,-0.8800000000000001,1.988964548615968e-15,0.8200000000000002,4.479749904362507e-16
1.0,1.3039569424222463e-15,-0.8200000000000003,-1.6381340728344186e-15,0.74,1.155742168634788e-15
1.0,9.525713551283843e-16,-0.8600000000000003,-2.457478665007784e-15,0.6400000000000001,-5.995204332975846e-17
1.0,-3.3806291099836016e-16,-2.0128343436454087e-15,-1.2084777623044829e-15,9.198197759019422e-16,8.920642002863133e-16
1.0,6.20503648463e-15,1.4155343563970745e-16,3.4361402612148597e-16,4.835021272242557e-16,9.50350909079134e-16
1.0,-7.716050021144838e-16,6.161737786669619e-17,5.612177389480166e-16,2.5313084961453567e-16,9.908740494779523e-16
1.0,4.840572387365683e-16,5.351274978693255e-16,2.6978419498391306e-16,7.865930129469234e-16,1.0913492332065289e-15
1.0,9.087175456556907e-16,4.929390229335695e-16,2.681188604469753e-16,4.851674617611934e-16,1.0613732115416497e-15
1.0,-1.1379786002407854e-16,4.0745185003743244e-16,4.918287999089443e-16,9.325873406851315e-16,3.6359804056473876e-16
1.0,-2.477462679451037e-15,3.680389326632394e-16,-8.548717289613706e-17,6.178391132038997e-16,3.5416114485542493e-16
1.0,-4.368727601899991e-16,6.455946888195286e-16,3.4139358007223566e-16,7.660538869913581e-16,4.790612351257551e-16
1.0,4.984901380566953e-16,-1.5543122344752193e-17,3.347322419244847e-16,5.501155087017651e-16,1.1218803663837207e-15
1.0,-9.992007221626409e-17,7.133182933216631e-16,4.1688874574674627e-16,5.162537064506978e-16,4.3631764867768654e-16
1.0,-2.4685808952540355e-15,3.680389326632394e-16,6.056266599330229e-16,8.443246102274316e-16,1.5670797992584085e-15
1.0,1.482147737874584e-16,5.60662627435704e-16,4.268807529683727e-16,5.895284260759581e-16,9.625633623500107e-16
1.0,-7.727152251391089e-16,-3.058664432842306e-16,1.4982459717316487e-15,8.68749516769185e-16,4.962696920074449e-16
1.0,-3.1807889655510737e-16,7.965850201685498e-16,3.086420008457935e-16,8.47655279301307e-16,1.2650991365603658e-15
1.0,-8.080758284734202e-15,-2.9493074649167285e-15,-1.971672825007431e-13,0.003728043640600309,-4.4408920985006264e-17
1.0,-1.315059172668498e-15,-0.8600000000000003,9.048817251056107e-14,0.7399999996177271,6.745653534090401e-9
1.0,-1.5315526624704034e-15,-0.9400000000000004,1.0835776720341528e-15,0.8200000000000003,-2.9254376698872872e-16
1.0,-1.4371837053772652e-15,-0.9000000000000005,3.5749181392930043e-16,0.7800000000000002,-6.050715484207104e-17
1.0,-1.0436096431476472e-15,-0.8600000000000008,8.241241022943768e-14,0.04428333489252116,0.005328879535334905
1.0,-2.237654506132003e-15,-3.896882816434299e-16,-2.840505608503463e-15,-1.8490764475131983e-15,-1.812439087700568e-15
1.0,-5.2652326942848046e-15,7.30526750203353e-16,1.2168044349891717e-15,1.304512053934559e-15,2.6423307986078724e-16
1.0,-1.4621637234313312e-15,1.191269305422793e-15,5.029310301551959e-16,-2.0539125955565396e-17,-5.2735593669694933e-17
1.0,6.615819003741308e-15,2.9809488211185454e-16,-1.3489209749195653e-16,1.254552017826427e-15,1.092459456231154e-15
1.0,1.1618483952702263e-15,-6.217248937900876e-16,2.3148150063434513e-16,8.321121569565548e-16,4.357625371653739e-16
1.0,-2.7172708527700708e-15,5.10702591327572e-17,4.796163466380677e-16,5.77871084317394e-16,9.631184738623234e-16
1.0,3.8913317013111736e-16,1.0325074129013956e-16,7.061018436615996e-16,8.704148513061227e-16,2.1316282072803005e-16
1.0,6.750155989720952e-16,1.4377388168895776e-16,-1.3156142841808106e-16,3.785860513971784e-16,5.251354906476991e-16
1.0,2.120525977034049e-16,2.1227464230832994e-15,3.985700658404312e-16,9.348077867343818e-16,1.5931700403370997e-16
1.0,-9.021672298104023e-15,-2.3869795029440865e-16,3.042011087472929e-16,3.930189507173054e-16,1.6486811915683576e-16
1.0,-1.2750911437819922e-15,5.057065877167588e-16,8.326672684688674e-17,1.8041124150158794e-16,1.0985656828665923e-15
1.0,-2.2759572004815708e-17,2.5424107263916085e-16,6.70019595361282e-16,2.9198865547641616e-16,7.299716386910404e-16
1.0,-6.63358257213531e-16,2.55351295663786e-16,1.3455903058456896e-15,5.534461777756406e-16,6.306066779870889e-16
1.0,-2.8488322811881517e-15,1.4843681839238342e-15,7.677192215282958e-16,9.159339953157541e-16,6.195044477408374e-16
1.0,-6.994405055138486e-16,7.061018436615996e-16,5.617728504603292e-16,-2.498001805406602e-16,3.9135361618036767e-16
1.0,1.0658141036401502e-16,-0.9000000000000011,3.552713678800501e-17,0.02999999999999795,-2.1149748619109232e-16
1.0,-2.8976820942716584e-16,-0.880000000000001,-1.3999912340523223e-15,0.7400000000000005,3.4305891460917336e-16
1.0,-6.522560269672795e-16,-0.9000000000000012,1.3516965324811282e-15,0.7000000000000004,-6.84452494681409e-16
1.0,-6.306066779870889e-16,-0.8800000000000012,3.2307490016592057e-16,0.8000000000000007,2.55351295663786e-17
1.0,6.733502644351575e-16,-4.662936703425657e-17,1.3933298959045713e-16,2.636779683484747e-16,3.4139358007223566e-16
1.0,-3.1463720517876936e-15,7.821521208484228e-16,2.4702462297909734e-16,1.815214645262131e-16,2.070565940925917e-16
1.0,3.3306690738754695e-17,-4.3853809472693685e-17,-6.88338275267597e-17,8.881784197001252e-16,-2.4424906541753444e-17
1.0,-1.425526363618701e-15,3.9412917374193055e-16,8.004708007547379e-16,5.17363929475323e-16,9.547918011776346e-16
1.0,1.0202949596305188e-15,4.2577052994374753e-16,1.6542323066914832e-16,6.739053759474701e-16,2.325917236589703e-16
1.0,-6.9122485513162244e-15,1.021405182655144e-16,9.459100169806333e-16,7.971401316808624e-16,6.894484982922222e-16
1.0,-1.3100631690576846e-16,2.0711210524382297e-15,1.554312234475219e-16,8.85957973650875e-16,3.552713678800501e-16
1.0,-7.447931160697862e-15,2.581268532253489e-16,4.429789868254375e-16,6.372680161348399e-16,1.0536016503692736e-15
1.0,4.241051954068098e-16,5.351274978693255e-16,2.636779683484747e-16,1.0114131754335175e-15,7.593925488436071e-16
1.0,-5.301314942585123e-16,-2.808864252301646e-16,7.87148124459236e-16,-1.2212453270876722e-17,7.55506768257419e-16
1.0,4.574118861455645e-16,1.149080830487037e-16,2.8255175976710233e-16,8.948397578478762e-16,1.1152190282359697e-15
1.0,-7.986389327641064e-15,5.523359547510153e-16,8.315570454442423e-16,1.1690648449302898e-15,6.55586696041155e-16
1.0,1.9417800700693986e-15,3.4139358007223566e-16,1.3089529460330595e-15,3.3584246494910984e-16,3.26405569239796e-16
1.0,-8.10629341430058e-15,7.971401316808624e-16,1.8368639942423217e-15,1.0752509993494642e-15,1.2367884494324244e-15
1.0,-5.367928324062632e-16,2.120525977034049e-15,6.808512730184666e-16,-8.676392937445599e-16,1.1401050614254364e-15
1.0,-2.291500322826323e-15,-0.9400000000000013,-0.00026923627273401805,0.7987078139905364,0.0007903301737007234
1.0,-6.161737786669619e-16,-0.9000000000000015,-1.5876189252139738e-16,0.780000000000001,-6.217248937900877e-17
1.0,-5.556666238248908e-16,-0.9400000000000016,-9.664491429361988e-16,0.7600000000000012,-5.495603971894525e-17
1.0,-1.0469403122215226e-15,-0.8400000000000012,-1.5082379789532753e-15,0.056064640116217854,-7.571721027943568e-16
1.0,-7.349676423018536e-16,1.0547118733938987e-17,-1.3844481117075703e-15,-1.0796918914479647e-15,-6.927791673660977e-16
1.0,-1.8635093468333253e-15,9.303668946358813e-16,9.298117831235686e-16,2.3370194668359545e-16,4.790612351257551e-16
1.0,2.6034729927459923e-16,8.482103908136196e-16,4.3520742565306136e-16,4.690692279041286e-16,3.9523939676655573e-16
1.0,-4.6540549192286564e-15,-4.884981308350689e-17,4.823919041996305e-16,5.745404152435185e-16,1.5482060078397808e-15
1.0,-4.668487818548783e-16,2.2870594307278225e-16,3.097522238704187e-16,4.191091917959966e-16,1.103006574965093e-15
1.0,7.921441280700492e-16,1.1435297153639113e-16,9.892087149410145e-16,6.400435736964027e-16,2.453592884421596e-16
1.0,-3.3750779948604757e-15,1.7985612998927537e-16,1.4432899320127036e-16,3.6692870963861425e-16,8.659739592076221e-16
1.0,1.2434497875801754e-16,1.8485213360008857e-16,8.915090887740006e-16,8.482103908136196e-16,1.162403506782539e-15
1.0,9.46465128492946e-16,4.368727601899991e-16,8.326672684688674e-18,2.298161660974074e-16,-3.3306690738754695e-18
1.0,-5.493938637357587e-15,2.6534330288541243e-16,4.696243394164413e-16,5.445643935786393e-16,7.23865412055602e-16
1.0,-1.5920598173124745e-15,1.8596235662471373e-16,3.6692870963861425e-16,4.496403249731884e-16,1.57818202950466e-15
1.0,-1.1657341758564143e-17,1.0824674490095276e-15,3.835820550079916e-16,8.576472865229334e-16,1.1607381722456012e-15
1.0,2.4003021792395886e-15,8.887335312124379e-16,1.4432899320127035e-15,8.387734951043057e-16,6.072919944699606e-16
1.0,-1.0431100427865658e-14,1.1723955140041654e-15,1.089683898669591e-15,8.060219158778636e-16,5.784261958297066e-16
1.0,6.52811138479592e-16,1.2495560142156138e-15,1.1046719095020308e-16,4.818367926873179e-16,3.019806626980426e-16
1.0,-1.549316230864406e-15,-0.8000000000000013,-1.0669243266647754e-15,-1.1352030426792225e-15,2.1926904736346843e-16
1.0,-1.4915846335838979e-15,-0.800000000000002,1.5448753387659052e-15,0.7200000000000015,-2.2332136140335022e-15
1.0,-4.651834473179406e-16,-0.820000000000002,3.4139358007223566e-16,0.7200000000000015,-2.1094237467877975e-17
1.0,-7.577272143066694e-16,-0.8400000000000019,-1.2284617767477357e-15,0.7400000000000019,-2.742250870824137e-16
1.0,-3.780309398848658e-16,-1.2612133559741778e-15,3.9190872769268024e-16,-1.8762769116165145e-16,6.789013795582832e-16
1.0,-6.805667140952209e-16,2.5202062658991054e-16,6.072919944699606e-16,2.9920510513647967e-16,1.1068923555512811e-15
1.0,-2.400857290751901e-15,-3.9412917374193055e-17,1.1191048088221578e-15,6.389333506717776e-16,5.240252676230739e-16
1.0,-2.3869795029440865e-17,1.3888890038060708e-15,4.340972026284362e-16,1.1368683772161603e-15,7.954747971439247e-16
1.0,-1.0602629885170246e-15,-3.1308289294429413e-16,1.4599432773820808e-16,3.547162563677375e-16,1.942890293094024e-16
1.0,-2.7605695507304516e-15,1.8318679906315084e-17,6.894484982922222e-16,5.77871084317394e-16,8.137934770502398e-16
1.0,-1.7158496845581794e-15,-2.1760371282653068e-16,5.956346527113965e-16,3.269606807521086e-16,7.716050021144838e-16
1.0,-1.0996759058912175e-15,1.1857181902996672e-15,4.68514116391816e-16,6.450395773072159e-16,4.468647674116255e-16
1.0,-3.906874823655926e-15,3.608224830031759e-16,2.8754776337791553e-16,7.771561172376095e-17,6.405986852087153e-16
1.0,1.5853984791647235e-15,7.815970093361102e-16,4.08006961549745e-16,7.405187574249794e-16,4.85722573273506e-16
1.0,-2.4702462297909733e-15,4.668487818548783e-16,2.559064071760986e-16,6.06736882957648e-16,1.5376588891058418e-15
1.0,2.681188604469753e-16,1.2034817586936697e-15,4.2799097599299784e-16,1.1618483952702263e-15,1.0846878950587779e-15
1.0,-5.1569859493838524e-15,8.83182416089312e-16,1.4782619572883959e-15,8.154588115871775e-16,5.628830734849544e-16
1.0,-9.420242363944453e-16,1.3783418850721318e-15,4.64628335805628e-16,7.882583474838611e-16,-2.0095036745715334e-16
1.0,-4.5008441418303845e-15,-6.089573290068984e-16,8.18389268574283e-16,-2.3869795029440865e-17,3.7073547613662846e-13
1.0,-1.028066520802895e-15,-0.860000000000003,-1.5915209095052063e-10,0.7200000017255597,1.5915186502013513e-10
1.0,3.880229471064922e-16,-0.8600000000000027,-1.6447954109821694e-15,0.8200000000000024,2.2593038551121937e-16
1.0,-2.836619827917275e-16,-0.8200000000000027,-2.814415367424772e-16,0.7600000000000025,-2.4091839634365896e-16
1.0,-1.1968204205459187e-15,-0.8400000000000029,7.646825228579957e-11,0.4499999970653254,-9.736231115775596e-10
1.0,-2.831068712794149e-17,-1.5154544286133387e-16,-1.6736612096224234e-15,-1.965094753586527e-16,-4.507505479978135e-16
1.0,-3.5860203695392556e-16,6.550315845288423e-17,3.9523939676655573e-16,3.058664432842306e-16,3.8635761256955447e-16
1.0,-2.562949852347174e-15,2.8199664825478977e-16,9.264811140496932e-16,6.034062138837725e-16,6.339373470609644e-16
1.0,-6.306066779870889e-16,1.6581180872776713e-15,-1.27675647831893e-17,3.6359804056473876e-16,1.184607967275042e-15
1.0,-1.9589885269510887e-15,8.204548151979906e-16,3.1752378504279476e-16,5.3568260938163805e-16,1.2245759961615476e-15
1.0,-1.2773115898312427e-15,1.4604983888943934e-15,5.562217353372034e-16,1.103006574965093e-15,6.983302824892235e-16
1.0,-3.663180869750704e-15,6.766809335090329e-16,1.2601031329495527e-16,1.8762769116165145e-16,6.722400414105323e-16
1.0,2.4424906541753444e-17,2.298161660974074e-16,7.321920847402907e-16,8.026912468039882e-16,7.849276784099857e-16
1.0,-1.1890488593735427e-15,8.260059303211165e-16,5.473399511402021e-16,9.220402219511925e-16,5.018208071305707e-16
1.0,-4.9404924595819467e-17,-2.403632848313464e-16,8.837375276016246e-16,6.616929226765933e-16,1.283417816466681e-15
1.0,-1.3694601008751307e-15,1.0313971898767703e-15,1.8984813721090176e-16,8.143485885625523e-16,1.4122036873231992e-15
1.0,-6.605826996519681e-17,3.191891195797325e-16,1.7896795156957525e-15,1.180722186688854e-15,5.379030554308883e-16
1.0,-2.5329738306822948e-15,1.2073675392798577e-15,1.0269562977782698e-15,8.809619700400617e-16,4.18554080283684e-16
1.0,1.933157619808456e-16,-1.5176824963974724e-15,-1.0051549625532709e-15,1.0470158769103432e-18,-3.784995545806396e-16
